ID,category,SCNIH004,SCNIH009,SCNIH016,NIHLM087,SENIH040,SENIH047,SHNIH025,SHNIH027,SHNIH030
S0000,genus_core,1,3,3,3,1,1,1,1,1
S0001,genus_core,2,3,2,1,2,1,1,1,1
S0002,genus_core,1,1,1,1,1,1,3,1,1
S0003,genus_core,1,1,1,1,1,1,3,1,1
S0004,genus_core,2,1,1,2,1,1,1,1,1
S0005,genus_core,1,1,1,1,1,1,1,1,3
S0006,genus_core,1,1,2,2,2,2,2,2,2
S0008,genus_core,3,1,3,3,3,3,3,1,3
S0009,genus_core,1,1,1,3,3,3,1,1,1
S0010,genus_core,1,1,1,3,1,3,1,1,1
S0014,genus_core,3,3,3,1,1,1,1,1,3
S0015,genus_core,1,1,3,1,1,1,1,1,1
S0016,genus_core,1,1,1,1,1,1,2,1,1
S0020,genus_core,1,1,2,2,1,1,2,1,2
S0021,genus_core,1,1,1,3,1,1,1,1,1
S0022,genus_core,1,1,1,3,3,1,1,1,1
S0023,genus_core,1,1,1,3,1,3,1,1,1
S0026,genus_core,1,1,1,1,1,2,1,1,1
S0028,genus_core,2,2,2,2,2,2,2,2,2
S0031,genus_core,2,2,2,2,2,1,2,1,2
S0032,genus_core,1,1,1,1,1,1,1,1,3
S0033,genus_core,1,1,1,1,1,1,1,1,3
S0037,genus_core,1,1,1,2,1,1,1,1,1
S0038,genus_core,1,1,2,2,1,2,2,1,1
S0039,genus_core,2,2,2,2,1,2,2,1,2
S0040,genus_core,2,2,2,2,1,1,2,1,1
S0041,genus_core,2,1,2,2,1,1,2,1,1
S0042,genus_core,2,2,2,2,2,2,2,2,2
S0044,genus_core,1,1,1,1,1,1,1,1,3
S0045,genus_core,1,1,1,1,1,1,1,1,3
S0050,genus_core,1,1,1,1,1,1,1,1,3
S0052,genus_core,2,1,2,2,2,1,2,2,2
S0053,genus_core,1,1,1,1,2,1,1,1,1
S0055,genus_core,1,1,1,3,1,1,1,1,1
S0058,genus_core,1,1,1,2,1,1,1,1,1
S0059,genus_core,2,3,1,1,2,1,1,1,3
S0060,genus_core,1,1,1,1,2,1,1,1,1
S0061,genus_core,2,2,2,2,2,2,1,1,2
S0063,genus_core,1,1,1,3,1,3,3,1,3
S0065,genus_core,1,1,3,3,1,3,1,1,3
S0066,genus_core,1,1,1,1,1,1,1,1,2
S0067,genus_core,1,1,1,2,1,2,1,1,2
S0068,genus_core,1,1,1,1,1,1,2,1,1
S0069,genus_core,1,1,3,3,3,3,1,1,3
S0070,genus_core,1,1,1,1,1,1,1,1,3
S0072,genus_core,1,1,1,1,1,1,1,3,3
S0073,genus_core,1,1,1,3,1,1,1,1,3
S0074,genus_core,1,1,1,1,2,1,1,1,1
S0075,genus_core,1,1,1,2,2,1,1,1,3
S0076,genus_core,1,3,1,1,1,1,2,1,1
S0077,genus_core,2,1,2,2,2,1,2,2,2
S0078,genus_core,1,1,2,1,1,1,1,1,1
S0079,genus_core,2,1,2,2,1,1,2,2,1
S0080,genus_core,1,1,1,1,2,1,1,1,1
S0086,genus_core,3,3,3,3,3,3,1,3,1
S0087,genus_core,3,1,3,3,3,3,1,3,1
S0088,genus_core,1,1,2,1,1,1,3,1,1
S0089,genus_core,2,2,2,2,2,2,2,2,2
S0090,genus_core,1,1,2,2,2,2,2,2,2
S0091,genus_core,1,1,1,2,1,1,1,1,1
S0092,genus_core,1,1,1,2,1,1,1,1,1
S0095,genus_core,1,1,1,1,1,1,2,1,1
S0096,genus_core,1,1,1,1,1,1,1,1,2
S0098,genus_core,1,1,1,3,1,3,1,1,1
S0099,genus_core,1,1,1,3,1,1,1,1,1
S0100,genus_core,1,1,1,3,3,1,1,1,3
S0101,genus_core,1,1,3,3,3,3,1,1,3
S0102,genus_core,1,1,3,3,3,3,1,1,3
S0103,genus_core,1,3,3,1,1,1,1,1,1
S0105,genus_core,1,1,3,3,3,3,1,1,1
S0106,genus_core,1,1,1,3,3,3,1,1,1
S0107,genus_core,1,1,3,1,1,1,1,1,1
S0115,genus_core,1,1,1,1,1,3,1,1,3
S0116,genus_core,1,1,1,1,1,3,1,1,3
S0118,genus_core,1,1,1,1,1,3,1,1,1
S0120,genus_core,1,1,3,3,3,3,1,1,3
S0121,genus_core,1,1,3,3,3,3,1,1,3
S0122,genus_core,1,1,1,3,3,3,1,1,1
S0127,genus_core,1,1,3,3,1,1,1,1,3
S0128,genus_core,1,1,3,3,1,1,1,1,3
S0129,genus_core,1,1,1,3,1,1,1,1,1
S0130,genus_core,1,1,3,3,1,1,1,1,1
S0131,genus_core,3,1,3,1,1,1,1,1,1
S0132,genus_core,2,1,2,1,1,1,1,1,1
S0135,genus_core,1,1,1,1,1,3,1,1,3
S0136,genus_core,1,1,1,1,1,3,1,1,3
S0137,genus_core,1,1,3,1,1,1,1,1,1
S0138,genus_core,1,1,1,2,1,1,1,1,1
S0140,species_restricted_core,2,1,2,2,1,1,0,0,0
S0141,genus_core,2,2,2,2,2,1,1,2,1
S0150,genus_core,1,1,1,1,1,1,1,1,3
S0151,genus_core,1,1,1,1,1,1,1,1,3
S0152,genus_core,1,1,1,3,1,1,1,1,1
S0153,genus_core,1,1,1,3,1,3,1,1,1
S0154,genus_core,2,1,2,2,2,2,1,1,1
S0155,genus_core,2,1,2,2,2,2,1,1,1
S0156,genus_core,2,1,2,2,2,2,1,1,1
S0157,genus_core,2,1,2,2,2,2,1,1,1
S0158,genus_core,2,1,2,2,2,2,1,1,1
S0159,genus_core,2,1,2,2,2,2,1,1,1
S0161,genus_core,1,1,1,3,1,3,1,1,1
S0162,genus_core,1,1,1,1,1,1,1,1,3
S0163,genus_core,1,1,1,1,1,1,1,1,3
S0164,genus_core,1,1,1,1,1,3,1,1,1
S0165,genus_core,1,1,1,1,1,3,1,1,1
S0168,genus_core,1,1,3,1,1,1,1,1,1
S0169,genus_core,1,1,3,3,3,3,1,1,1
S0170,genus_core,3,3,3,3,3,3,1,1,3
S0172,genus_core,1,1,3,1,1,1,1,1,1
S0174,genus_core,1,3,1,1,1,1,1,1,1
S0175,genus_core,1,1,1,1,1,1,2,1,1
S0180,genus_core,1,1,1,3,1,1,1,1,1
S0188,genus_core,1,1,3,3,1,1,1,1,3
S0191,genus_core,1,1,1,1,1,1,2,1,1
S0192,genus_core,3,1,1,1,1,1,1,1,1
S0196,genus_core,1,3,3,1,3,3,3,3,3
S0197,genus_core,1,3,3,3,3,3,3,3,3
S0198,genus_core,1,1,1,3,3,3,1,1,1
S0199,genus_core,2,1,1,2,2,1,1,1,2
S0207,genus_core,1,1,1,1,1,1,3,1,1
S0208,genus_core,1,1,1,2,1,1,1,1,1
S0209,genus_core,2,1,1,1,1,1,1,1,1
S0210,genus_core,2,2,2,2,2,2,1,1,2
S0211,genus_core,2,2,2,2,2,2,2,1,2
S0212,genus_core,2,2,2,2,2,2,2,1,2
S0213,genus_core,1,1,1,3,1,3,1,1,1
S0215,species_restricted_core,1,3,1,1,1,1,0,0,0
S0217,genus_core,1,1,1,3,1,3,1,1,1
S0224,genus_core,1,1,3,1,1,1,1,1,1
S0227,genus_core,1,1,1,1,1,1,1,1,3
S0228,genus_core,1,1,1,1,1,1,1,1,3
S0229,genus_core,1,1,1,1,1,1,1,1,3
S0230,genus_core,1,1,1,1,1,3,1,1,3
S0231,genus_core,1,2,2,2,1,2,1,1,2
S0233,genus_core,1,1,1,3,3,1,1,1,1
S0238,genus_core,1,1,1,1,1,1,1,1,2
S0239,genus_core,1,1,1,1,1,1,1,1,2
S0244,genus_core,1,1,1,2,1,2,1,1,3
S0245,genus_core,1,1,1,2,1,1,1,1,1
S0246,genus_core,1,1,1,2,1,1,1,1,1
S0247,genus_core,1,1,3,3,3,1,1,1,1
S0254,genus_core,2,2,2,1,1,2,2,1,1
S0255,genus_core,2,2,2,1,1,1,2,1,1
S0256,genus_core,2,1,1,1,1,1,2,1,1
S0257,genus_core,2,1,1,1,1,1,1,1,1
S0259,genus_core,1,3,1,1,1,1,1,1,1
S0264,genus_core,1,1,1,1,1,1,3,1,3
S0265,genus_core,1,1,1,1,1,1,1,1,3
S0266,genus_core,1,1,1,1,1,1,1,1,3
S0269,genus_core,1,1,1,2,1,1,1,1,1
S0271,genus_core,1,1,1,3,1,1,1,1,1
S0272,genus_core,3,1,1,1,1,3,1,1,1
S0274,genus_core,1,1,3,3,3,3,3,3,3
S0277,genus_core,1,1,1,1,2,1,1,1,1
S0281,genus_core,1,1,1,1,1,3,1,1,1
S0282,genus_core,1,1,1,1,1,3,1,1,1
S0283,genus_core,1,1,1,1,1,3,1,1,1
S0293,genus_core,2,1,2,2,2,2,2,2,2
S0294,genus_core,2,1,2,2,2,2,2,2,2
S0298,genus_core,3,1,1,1,1,1,1,1,1
S0299,genus_core,1,3,3,1,3,1,1,1,3
S0301,genus_core,1,1,1,3,1,3,1,1,1
S0302,genus_core,1,3,3,3,1,3,3,1,3
S0303,genus_core,2,1,2,2,2,2,1,1,1
S0304,genus_core,2,1,2,2,2,2,1,1,1
S0305,genus_core,2,1,2,2,2,2,1,1,1
S0306,genus_core,2,1,2,2,2,2,1,1,1
S0307,genus_core,2,1,2,2,2,2,1,1,2
S0308,genus_core,2,1,2,2,2,2,1,1,2
S0309,genus_core,2,1,2,2,2,1,1,1,2
S0310,genus_core,1,1,3,3,3,3,3,1,3
S0311,genus_core,1,1,1,1,1,3,1,1,1
S0312,genus_core,1,2,2,2,2,2,2,1,1
S0313,genus_core,1,2,2,2,2,2,2,1,1
S0314,genus_core,1,2,2,2,2,2,2,1,1
S0315,genus_core,2,1,2,2,1,2,2,1,1
S0316,genus_core,1,1,1,1,1,2,1,1,1
S0318,genus_core,1,1,1,1,1,1,1,1,3
S0320,genus_core,1,1,1,1,1,1,1,1,3
S0321,genus_core,1,1,3,3,1,1,1,1,1
S0322,genus_core,1,1,3,3,1,1,1,1,1
S0323,genus_core,2,2,2,2,2,2,2,1,2
S0325,genus_core,1,1,1,1,1,1,3,1,1
S0326,genus_core,1,1,1,3,1,3,1,1,1
S0327,genus_core,1,1,3,3,3,3,1,1,1
S0329,genus_core,1,1,1,1,1,1,1,1,2
S0330,genus_core,1,1,1,1,2,1,1,3,3
S0331,genus_core,3,1,3,3,3,1,3,3,3
S0332,genus_core,1,1,1,1,1,1,3,3,3
S0333,species_restricted_core,2,2,2,2,2,2,0,0,0
S0334,genus_core,1,1,1,1,1,1,1,1,2
S0335,genus_core,1,1,1,1,2,1,1,1,2
S0336,genus_core,1,1,1,1,2,1,1,1,1
S0337,genus_core,1,1,1,1,2,1,1,1,1
S0339,genus_core,1,3,1,3,3,3,3,1,2
S0340,genus_core,2,1,2,1,1,1,2,1,2
S0341,genus_core,2,1,2,1,1,1,1,1,2
S0345,genus_core,1,1,1,1,1,1,1,1,2
S0350,genus_core,1,1,3,3,3,1,1,1,3
S0356,genus_core,1,1,1,3,1,1,1,1,3
S0358,genus_core,3,1,1,1,1,1,1,1,3
S0359,genus_core,3,1,1,1,1,1,1,1,3
S0361,genus_core,1,1,3,3,1,3,1,1,3
S0364,genus_core,1,1,1,1,1,1,2,1,1
S0367,genus_core,2,1,2,2,2,2,2,2,2
S0368,genus_core,2,1,2,2,2,2,2,2,2
S0370,genus_core,1,1,3,3,3,3,1,1,3
S0371,genus_core,1,1,1,1,1,1,3,1,3
S0372,species_restricted_core,1,1,1,2,2,1,0,0,0
S0374,genus_core,1,1,1,1,1,1,3,1,1
S0375,genus_core,1,1,1,2,2,1,1,1,1
S0376,genus_core,2,1,2,2,2,1,1,1,1
S0377,genus_core,2,1,2,2,1,1,1,1,2
S0378,genus_core,2,1,1,2,1,1,1,1,1
S0379,genus_core,2,1,1,1,1,2,1,1,1
S0380,genus_core,2,1,1,1,1,1,1,1,1
S0381,genus_core,2,1,1,1,1,1,2,1,1
S0382,genus_core,1,1,1,1,1,3,1,1,1
S0383,genus_core,1,1,1,1,2,1,1,1,1
S0384,genus_core,3,1,3,1,1,1,3,1,1
S0385,genus_core,3,1,3,1,1,1,3,1,1
S0387,genus_core,1,1,1,2,2,2,2,1,1
S0388,genus_core,2,1,1,1,1,1,1,1,2
S0390,genus_core,3,3,3,1,3,3,3,3,3
S0393,genus_core,2,1,2,2,2,2,2,1,2
S0394,genus_core,2,3,2,2,2,2,1,1,1
S0395,species_restricted_core,3,3,1,1,1,1,0,0,0
S0397,genus_core,1,1,2,1,1,1,2,2,2
S0398,genus_core,3,1,1,3,1,1,1,1,1
S0399,genus_core,1,1,1,3,1,1,1,1,1
S0401,genus_core,1,2,2,1,1,1,2,1,1
S0406,genus_core,1,1,1,1,1,1,3,1,3
S0407,genus_core,1,1,1,3,3,1,1,1,1
S0411,genus_core,1,3,1,1,1,1,1,1,1
S0412,genus_core,1,1,1,1,1,1,3,1,1
S0413,genus_core,1,1,1,1,1,1,1,1,3
S0414,genus_core,1,3,3,1,1,1,1,1,3
S0415,genus_core,3,3,3,1,1,1,1,1,1
S0416,genus_core,1,1,1,3,1,1,3,1,3
S0418,genus_core,1,1,1,3,1,1,1,1,1
S0419,genus_core,1,1,1,2,2,1,1,1,1
S0425,genus_core,2,2,2,2,2,2,2,2,1
S0426,genus_core,2,2,2,2,2,2,2,2,1
S0427,genus_core,1,1,1,3,3,3,1,1,1
S0428,genus_core,1,1,1,1,1,3,1,1,1
S0429,genus_core,1,1,1,1,1,3,1,1,1
S0430,genus_core,1,1,1,3,3,3,1,1,1
S0434,genus_core,1,1,1,1,1,1,2,1,1
S0435,genus_core,1,1,1,1,1,1,2,1,1
S0436,genus_core,1,1,1,1,1,2,2,1,1
S0437,genus_core,2,2,1,2,2,2,2,2,2
S0438,genus_core,1,1,1,1,1,1,1,1,2
S0439,genus_core,1,1,1,3,3,1,1,1,1
S0441,genus_core,1,1,1,3,1,1,1,1,1
S0444,genus_core,1,1,1,1,1,1,3,1,1
S0445,genus_core,1,1,1,1,1,3,3,1,3
S0446,genus_core,1,1,1,3,3,3,3,1,3
S0447,genus_core,1,1,1,3,3,1,1,1,3
S0450,genus_core,1,2,1,1,1,1,1,1,3
S0451,genus_core,2,2,2,2,2,2,2,2,2
S0452,genus_core,2,2,2,2,2,2,2,2,2
S0453,genus_core,2,2,1,2,2,2,2,2,2
S0454,genus_core,1,1,1,1,1,2,1,1,1
S0455,species_restricted_core,3,2,1,3,1,3,1,3,1
S0459,genus_core,3,1,1,1,1,1,1,1,3
S0462,genus_core,1,1,1,1,2,1,2,1,1
S0463,genus_core,1,2,2,2,2,2,2,1,1
S0464,genus_core,1,1,1,1,2,2,2,1,1
S0469,genus_core,1,1,3,3,1,3,1,1,1
S0471,genus_core,3,3,3,1,1,1,1,1,1
S0472,genus_core,3,3,3,1,1,1,1,1,3
S0473,genus_core,1,3,3,3,1,3,1,1,1
S0475,genus_core,1,1,3,3,3,3,1,1,3
S0477,genus_core,1,2,1,1,1,1,1,1,1
S0478,genus_core,1,1,1,1,1,1,1,1,3
S0480,genus_core,3,1,1,3,3,1,1,1,1
S0481,genus_core,2,1,1,3,1,3,2,1,2
S0482,genus_core,2,1,2,2,2,2,1,1,2
S0483,genus_core,1,1,1,1,3,1,3,1,1
S0484,genus_core,3,3,1,1,1,2,3,1,1
S0485,genus_core,2,2,2,2,2,1,2,2,2
S0486,genus_core,2,2,2,2,2,1,2,2,2
S0487,genus_core,2,2,2,2,2,1,2,2,2
S0488,genus_core,1,1,1,1,1,1,2,1,2
S0489,genus_core,3,1,1,3,3,1,1,1,1
S0490,genus_core,1,1,1,1,1,1,1,1,3
S0491,species_restricted_core,1,1,1,3,3,1,3,3,3
S0492,genus_core,1,1,2,1,2,2,1,1,2
S0493,genus_core,1,1,2,2,2,1,1,1,2
S0494,genus_core,1,1,1,2,1,1,1,1,1
S0495,genus_core,1,1,1,1,1,1,2,1,1
S0496,genus_core,1,1,1,1,1,2,2,2,1
S0497,genus_core,2,2,1,2,2,2,1,1,2
S0498,genus_core,1,3,1,2,2,1,3,3,1
S0499,genus_core,1,1,1,1,1,1,1,1,3
S0501,genus_core,2,1,2,2,2,1,2,1,1
S0502,genus_core,2,1,2,1,1,2,2,1,1
S0503,genus_core,1,1,1,1,1,1,1,1,3
S0504,genus_core,1,1,2,2,2,1,1,1,1
S0506,genus_core,1,1,3,3,3,1,1,1,1
S0507,genus_core,2,2,2,2,2,1,2,1,2
S0508,genus_core,2,2,2,2,2,2,2,2,2
S0509,genus_core,3,1,1,1,2,1,2,1,1
S0511,genus_core,2,2,2,2,2,2,1,1,2
S0512,genus_core,2,2,2,2,2,2,1,1,2
S0513,genus_core,2,2,2,2,2,2,1,1,2
S0515,species_restricted_core,1,1,1,1,2,1,0,0,0
S0516,genus_core,1,1,1,2,1,1,2,1,1
S0517,genus_core,1,1,2,2,1,1,2,1,1
S0518,genus_core,1,1,2,2,1,1,2,1,1
S0519,genus_core,1,1,2,2,1,1,2,1,1
S0520,genus_core,1,1,2,2,2,1,2,1,1
S0521,genus_core,1,1,1,1,1,1,1,1,2
S0522,species_restricted_core,3,1,1,3,1,3,0,0,2
S0523,genus_core,3,1,1,1,1,1,1,1,1
S0525,genus_core,3,3,3,3,3,3,3,3,3
S0526,genus_core,1,1,1,2,1,1,1,1,1
S0527,genus_core,1,1,1,2,1,1,1,1,1
S0528,genus_core,1,1,1,3,3,3,1,1,2
S0529,genus_core,2,1,1,2,1,1,1,1,1
S0530,genus_core,1,1,1,1,1,1,2,1,1
S0531,genus_core,1,1,2,1,1,1,1,1,1
S0532,genus_core,1,1,2,3,1,1,1,3,3
S0533,genus_core,1,1,1,1,1,1,1,1,2
S0534,genus_core,3,3,3,1,2,2,2,1,1
S0535,genus_core,2,2,2,2,2,2,2,2,2
S0536,genus_core,2,1,2,2,2,2,2,2,2
S0537,genus_core,1,2,1,2,1,1,1,1,2
S0538,genus_core,2,1,2,2,2,2,2,2,2
S0539,species_restricted_core,2,1,2,3,3,3,0,0,1
S0540,genus_core,1,3,1,2,1,2,1,1,1
S0541,genus_core,1,2,2,2,1,1,1,1,1
S0542,genus_core,3,3,3,1,1,1,1,1,3
S0543,genus_core,1,3,3,3,1,3,1,1,1
S0544,genus_core,1,1,1,1,1,1,3,1,3
S0545,genus_core,1,3,1,3,1,3,1,2,2
S0546,genus_core,1,3,1,1,1,1,1,2,2
S0547,genus_core,3,3,1,1,1,1,1,1,2
S0549,genus_core,2,1,2,2,2,2,2,2,2
S0550,species_restricted_core,2,2,2,2,1,1,1,1,1
S0551,species_restricted_core,1,1,1,2,1,1,2,0,1
S0553,genus_core,2,2,2,2,2,2,2,2,2
S0554,genus_core,2,2,2,2,2,2,2,2,2
S0555,genus_core,2,2,1,1,1,1,1,1,1
S0556,genus_core,1,1,1,1,1,1,1,1,2
S0557,genus_core,1,2,2,2,2,2,1,1,1
S0558,genus_core,1,2,2,2,2,2,1,1,1
S0559,genus_core,1,2,1,1,1,1,1,1,1
S0560,genus_core,1,1,2,3,3,1,1,1,1
S0561,species_restricted_core,1,1,2,1,1,2,0,0,0
S0562,genus_core,2,2,2,2,2,2,2,2,1
S0563,genus_core,2,2,2,2,2,2,2,2,1
S0564,genus_core,2,2,2,2,2,2,2,2,1
S0565,genus_core,2,2,2,2,2,2,2,2,1
S0566,genus_core,2,2,2,2,2,2,2,1,1
S0567,genus_core,2,2,2,2,2,2,2,2,1
S0568,genus_core,1,1,1,1,1,2,1,1,1
S0573,genus_core,1,1,1,2,1,2,2,1,1
S0574,species_restricted_core,3,1,1,3,1,1,0,0,0
S0575,genus_core,2,1,1,1,1,1,1,1,1
S0576,genus_core,2,2,2,1,1,1,2,2,1
S0577,genus_core,3,1,1,1,1,1,1,1,1
S0578,species_restricted_core,1,2,1,2,1,2,0,0,0
S0579,species_restricted_core,3,1,1,1,1,1,0,0,0
S0581,species_restricted_core,3,3,3,1,2,2,0,0,0
S0582,genus_core,1,1,2,1,1,1,1,1,1
S0583,species_restricted_core,1,1,2,3,3,3,0,0,0
S0584,genus_core,1,1,3,2,1,1,1,1,3
S0586,genus_core,2,1,2,1,1,1,2,1,1
S0588,genus_core,2,1,1,2,1,1,1,1,1
S0589,genus_core,1,1,1,3,1,1,1,1,1
S0590,genus_core,3,3,3,1,1,1,1,3,1
S0591,genus_core,3,3,3,1,3,3,1,3,3
S0592,genus_core,3,3,3,1,3,3,1,3,3
S0593,genus_core,3,3,3,3,3,3,3,3,3
S0597,genus_core,1,3,1,1,1,1,1,1,1
S0598,genus_core,1,1,1,1,1,2,1,1,1
S0602,genus_core,1,1,2,2,2,1,2,2,2
S0604,genus_core,1,1,3,3,3,3,3,1,3
S0607,genus_core,1,1,1,1,1,1,2,1,1
S0608,genus_core,1,1,1,1,1,1,3,1,1
S0609,genus_core,1,1,1,1,1,1,3,1,1
S0610,genus_core,1,1,1,1,1,1,3,1,1
S0611,genus_core,1,1,1,3,1,1,3,1,1
S0612,genus_core,1,1,1,3,3,3,3,1,3
S0613,genus_core,2,1,2,2,1,2,1,1,1
S0614,genus_core,1,1,1,1,1,1,3,1,3
S0616,genus_core,3,1,1,3,3,3,3,1,1
S0617,genus_core,1,1,1,2,1,1,1,1,2
S0619,genus_core,1,1,1,3,1,1,1,1,1
S0620,genus_core,1,1,1,1,1,1,3,1,3
S0621,genus_core,1,1,1,1,1,1,3,1,3
S0625,genus_core,3,1,1,1,1,1,1,1,1
S0626,genus_core,1,1,1,3,3,1,1,1,1
S0628,species_restricted_core,1,2,2,2,2,2,0,0,0
S0629,species_restricted_core,1,2,2,2,2,2,0,0,0
S0630,genus_core,1,1,1,1,1,1,1,1,3
S0631,genus_core,1,1,1,2,1,1,1,1,3
S0632,genus_core,1,1,1,2,1,1,1,1,3
S0633,genus_core,1,1,1,2,1,1,1,1,1
S0634,genus_core,1,1,1,2,1,1,1,1,1
S0635,genus_core,1,1,2,2,1,1,1,1,1
S0636,genus_core,1,1,2,2,1,1,1,1,1
S0637,genus_core,1,1,2,2,1,1,1,1,3
S0639,genus_core,2,1,2,2,2,1,2,2,2
S0642,genus_core,1,1,1,1,1,1,3,1,1
S0643,genus_core,1,2,2,1,1,2,1,1,1
S0646,genus_core,1,1,1,1,1,1,1,1,2
S0647,genus_core,1,1,1,1,1,1,1,1,2
S0648,genus_core,2,1,2,2,1,1,2,2,2
S0649,genus_core,1,1,1,3,1,1,1,1,1
S0650,genus_core,1,1,1,3,3,3,1,1,3
S0651,genus_core,1,1,1,3,1,1,1,1,3
S0653,genus_core,1,1,1,1,1,1,2,1,1
S0654,genus_core,1,1,1,2,2,1,2,1,1
S0655,genus_core,1,1,3,1,1,1,1,1,1
S0656,genus_core,1,2,2,1,1,1,1,1,1
S0657,genus_core,1,1,2,1,1,1,1,1,1
S0658,genus_core,2,1,2,1,3,1,1,1,1
S0660,genus_core,1,1,1,1,1,1,2,1,1
S0662,genus_core,1,1,1,1,2,1,1,1,3
S0663,genus_core,1,2,2,2,1,2,2,2,2
S0664,genus_core,1,1,1,1,1,1,3,1,1
S0665,genus_core,1,1,1,1,1,2,1,1,1
S0666,genus_core,1,1,1,2,1,1,1,1,1
S0667,genus_core,2,1,1,2,1,1,1,1,2
S0668,genus_core,3,1,1,1,1,1,2,1,2
S0672,species_restricted_core,3,1,1,1,1,1,0,0,0
S0675,genus_core,1,1,3,3,3,1,3,1,1
S0676,genus_core,3,1,3,3,3,3,3,3,1
S0678,genus_core,1,1,2,2,2,1,1,1,1
S0679,genus_core,2,2,2,1,1,1,1,1,1
S0680,genus_core,1,1,2,1,1,1,1,1,2
S0681,genus_core,1,1,1,1,1,1,3,1,1
S0683,genus_core,1,1,1,3,3,1,1,1,1
S0684,genus_core,1,1,1,3,3,1,1,1,1
S0685,genus_core,1,1,1,3,3,1,1,1,3
S0686,genus_core,1,1,1,3,3,1,1,1,3
S0689,genus_core,1,1,1,3,3,3,1,1,3
S0690,genus_core,1,3,3,3,3,3,1,1,3
S0691,genus_core,1,1,3,3,3,3,1,1,3
S0692,genus_core,1,1,3,3,3,3,1,1,3
S0693,genus_core,1,1,1,3,3,1,1,1,3
S0695,genus_core,2,1,1,1,1,1,2,1,1
S0696,genus_core,2,1,1,1,1,1,2,1,1
S0697,genus_core,2,1,1,1,1,1,2,1,1
S0698,genus_core,2,1,1,1,1,2,2,1,1
S0699,genus_core,2,1,1,1,1,2,2,1,1
S0700,genus_core,1,1,1,3,1,3,1,1,1
S0703,genus_core,1,1,1,1,1,1,1,1,2
S0706,genus_core,1,1,1,1,1,1,1,1,2
S0707,genus_core,1,1,1,3,1,3,3,1,1
S0708,genus_core,1,1,1,2,2,2,2,2,2
S0711,genus_core,1,3,1,1,1,1,1,1,1
S0713,genus_core,1,1,1,1,1,1,1,1,3
S0714,genus_core,2,2,1,2,2,2,1,1,1
S0715,genus_core,1,1,1,1,1,1,1,1,3
S0716,genus_core,1,1,1,1,1,1,1,1,3
S0717,genus_core,1,1,1,1,1,1,3,1,1
S0718,genus_core,2,2,2,1,2,1,1,1,3
S0719,genus_core,2,2,2,1,2,1,1,1,3
S0721,genus_core,1,3,3,3,3,3,3,3,3
S0724,genus_core,1,1,1,2,2,2,1,1,1
S0725,genus_core,3,1,1,2,2,2,1,1,1
S0727,genus_core,1,1,3,1,3,1,1,1,3
S0728,species_restricted_core,1,1,1,1,3,3,0,0,0
S0729,species_restricted_core,2,1,2,0,0,1,0,1,0
S0730,genus_core,1,1,1,1,1,1,1,1,3
S0731,genus_core,2,1,1,3,1,1,1,1,1
S0732,genus_core,2,1,1,1,1,1,1,1,1
S0733,genus_core,2,1,1,3,1,1,1,1,1
S0734,genus_core,1,1,1,2,2,1,1,1,1
S0735,genus_core,1,1,1,2,1,2,1,1,1
S0736,genus_core,2,2,1,1,1,1,1,1,3
S0737,genus_core,2,1,2,2,2,1,1,1,3
S0738,genus_core,2,2,2,2,1,2,1,1,1
S0739,genus_core,2,2,2,2,1,2,1,1,1
S0740,genus_core,3,1,3,3,3,1,1,1,1
S0741,species_restricted_core,1,1,1,3,3,3,0,0,0
S0742,genus_core,2,1,2,2,2,1,2,2,1
S0743,genus_core,1,1,1,3,3,3,1,1,3
S0744,genus_core,1,1,1,3,3,3,1,1,3
S0745,genus_core,1,1,1,3,3,3,1,1,3
S0747,species_restricted_core,1,2,3,0,0,0,0,0,0
S0748,species_restricted_core,3,1,1,3,1,1,0,0,0
S0750,genus_core,1,1,3,1,1,1,1,1,1
S0751,genus_core,1,1,3,1,1,1,1,1,1
S0752,genus_core,1,1,3,1,1,1,1,1,3
S0753,genus_core,2,2,2,2,2,2,2,2,2
S0754,genus_core,2,2,2,2,2,2,2,2,2
S0755,genus_core,2,2,2,2,2,2,2,2,1
S0756,genus_core,2,1,2,2,2,2,1,2,1
S0757,genus_core,2,1,2,2,2,2,1,1,1
S0758,genus_core,1,1,3,3,3,3,1,1,1
S0759,species_restricted_core,2,1,2,2,1,1,0,0,0
S0760,genus_core,1,1,1,3,1,3,1,1,1
S0761,species_restricted_core,3,1,1,3,3,3,1,1,3
S0762,genus_core,1,2,1,2,2,2,2,1,2
S0763,species_restricted_core,1,1,1,2,1,2,1,0,1
S0764,species_restricted_core,1,1,1,1,1,3,0,0,0
S0765,genus_core,1,1,1,3,3,3,3,1,1
S0766,genus_core,1,1,2,3,1,3,3,3,1
S0767,genus_core,1,1,2,3,1,3,3,3,1
S0772,genus_core,1,1,3,3,3,3,1,1,3
S0779,genus_core,1,1,1,3,1,1,3,1,1
S0780,genus_core,3,3,3,3,1,3,1,1,1
S0781,genus_core,2,1,2,2,2,2,1,1,2
S0786,genus_core,2,1,1,1,1,2,1,1,3
S0788,genus_core,1,1,1,1,1,2,1,1,1
S0789,genus_core,1,1,1,1,1,2,1,1,1
S0791,genus_core,3,1,1,1,1,1,1,1,1
S0792,species_restricted_core,1,1,3,3,3,1,1,1,3
S0795,species_restricted_core,1,1,1,2,2,2,0,0,1
S0796,species_restricted_core,1,1,1,2,2,2,0,0,1
S0797,species_restricted_core,1,1,1,2,1,2,0,0,1
S0798,species_restricted_core,1,1,1,2,1,1,0,0,1
S0799,species_restricted_core,1,1,3,0,0,0,0,0,1
S0800,genus_core,1,3,1,1,1,1,3,1,3
S0801,species_restricted_core,3,1,1,2,2,1,0,0,0
S0802,genus_core,1,1,1,1,1,1,3,1,1
S0803,genus_core,1,1,1,1,1,2,1,1,1
S0805,species_restricted_core,3,1,1,1,1,1,0,0,0
S0806,species_restricted_core,3,1,1,3,3,3,0,0,0
S0807,species_restricted_core,3,3,1,2,1,1,0,0,0
S0808,species_restricted_core,1,2,2,2,1,1,0,0,0
S0809,genus_core,1,2,2,1,2,1,1,1,1
S0810,genus_core,1,2,1,1,1,1,1,1,1
S0811,species_restricted_core,3,3,3,1,3,3,1,1,1
S0812,genus_core,1,1,1,1,1,1,3,1,1
S0813,genus_core,3,3,3,1,3,3,1,1,3
S0814,genus_core,3,3,3,1,3,3,1,1,1
S0815,genus_core,3,3,3,3,3,3,3,1,1
S0816,genus_core,2,1,2,1,1,1,3,1,1
S0818,genus_core,1,3,1,3,1,1,3,1,3
S0819,species_restricted_core,3,1,1,1,1,1,0,0,0
S0821,genus_core,1,1,1,3,3,3,3,1,1
S0822,genus_core,1,1,1,2,2,2,1,1,2
S0825,genus_core,3,1,3,3,3,3,3,3,3
S0826,genus_core,3,1,3,3,3,3,3,3,3
S0827,genus_core,1,1,1,3,3,1,1,1,1
S0829,genus_core,1,1,1,1,1,1,3,1,1
S0831,species_restricted_core,1,1,2,2,1,2,0,0,0
S0836,species_restricted_core,2,2,2,1,2,1,0,0,0
S0838,genus_core,1,1,1,3,3,3,3,1,1
S0840,genus_core,1,1,1,3,1,1,1,1,1
S0841,genus_core,1,1,1,2,2,1,1,1,2
S0842,genus_core,1,1,1,1,1,1,2,1,1
S0845,genus_core,3,1,1,1,1,1,1,1,1
S0846,genus_core,2,2,2,2,2,2,1,1,2
S0847,species_restricted_core,1,1,1,2,1,2,0,0,0
S0848,species_restricted_core,1,1,2,2,1,2,0,0,0
S0849,species_restricted_core,1,2,2,2,1,2,0,0,0
S0850,species_restricted_core,2,2,2,2,1,2,0,0,0
S0852,genus_core,1,2,2,2,1,2,2,2,1
S0853,genus_core,1,1,1,1,2,2,2,2,2
S0854,genus_core,1,1,3,1,1,1,1,1,1
S0855,species_restricted_core,2,2,2,0,0,2,1,1,2
S0856,genus_core,1,1,1,3,1,2,1,1,1
S0857,genus_core,1,1,1,3,1,2,1,1,1
S0858,genus_core,1,1,1,3,1,1,1,1,1
S0859,genus_core,1,1,1,2,2,2,2,1,1
S0861,genus_core,1,1,1,1,1,2,1,1,1
S0862,genus_core,2,1,2,1,1,1,2,1,1
S0863,genus_core,2,1,1,1,1,1,2,1,1
S0864,species_restricted_core,1,1,1,3,3,1,0,0,0
S0865,species_restricted_core,2,1,2,2,1,1,0,0,0
S0866,genus_core,3,3,3,3,3,1,3,1,1
S0867,genus_core,1,2,2,1,1,1,1,1,1
S0868,genus_core,1,2,2,1,1,1,1,1,1
S0869,genus_core,1,2,2,1,1,1,1,1,1
S0870,genus_core,1,2,2,1,1,1,1,1,2
S0871,genus_core,2,2,2,1,1,1,1,1,2
S0872,genus_core,2,2,2,1,1,1,1,1,2
S0873,genus_core,1,2,1,3,1,1,1,1,2
S0874,species_restricted_core,1,3,3,0,0,0,0,0,0
S0875,genus_core,1,1,1,1,1,1,3,1,3
S0877,genus_core,1,1,1,1,1,3,1,1,1
S0879,genus_core,1,2,1,1,1,1,1,1,1
S0881,genus_core,1,1,1,2,1,2,1,1,3
S0882,genus_core,1,1,1,1,1,1,1,1,2
S0883,genus_core,1,1,1,1,1,1,1,1,2
S0884,genus_core,1,1,1,1,1,1,1,1,2
S0885,genus_core,1,1,1,1,1,1,1,1,2
S0886,genus_core,1,1,1,1,1,1,1,1,2
S0887,genus_core,1,1,1,3,3,3,1,1,1
S0888,genus_core,1,1,3,1,1,1,1,1,3
S0889,genus_core,1,1,3,3,1,1,1,1,3
S0890,genus_core,1,1,1,1,1,2,1,1,1
S0893,genus_core,1,1,1,2,1,2,1,1,1
S0894,genus_core,1,1,1,3,1,3,3,1,1
S0896,genus_core,1,1,1,1,1,1,1,1,3
S0897,genus_core,1,1,1,1,1,3,2,2,1
S0898,genus_core,1,1,1,3,1,3,1,1,3
S0900,genus_core,1,1,1,1,1,1,1,1,3
S0901,genus_core,1,1,1,3,3,1,1,1,3
S0902,genus_core,1,1,1,3,3,1,1,1,3
S0903,genus_core,1,1,1,3,3,1,1,1,3
S0904,genus_core,1,1,1,3,3,1,1,1,3
S0905,genus_core,1,1,1,3,3,1,1,1,3
S0906,genus_core,1,1,1,3,3,1,1,1,3
S0907,genus_core,1,2,1,3,3,1,1,1,3
S0908,genus_core,1,1,1,3,3,1,1,1,3
S0909,genus_core,1,2,1,3,3,1,1,1,3
S0910,genus_core,1,1,1,3,3,1,1,1,3
S0911,genus_core,1,1,1,3,3,1,1,1,3
S0912,genus_core,1,1,1,3,3,1,1,1,3
S0913,genus_core,1,1,1,3,3,1,1,1,3
S0914,genus_core,1,1,1,3,3,1,1,1,3
S0915,genus_core,1,1,1,3,3,1,1,1,3
S0916,genus_core,1,1,1,3,3,1,1,1,3
S0917,genus_core,1,1,1,3,3,1,1,1,3
S0918,genus_core,1,1,1,3,3,1,1,1,3
S0919,genus_core,1,1,1,3,3,1,1,1,3
S0920,genus_core,1,1,1,3,3,1,1,1,3
S0921,genus_core,1,1,1,3,1,1,1,1,3
S0929,genus_core,1,1,1,3,3,1,1,1,3
S0930,genus_core,1,1,1,3,1,1,1,1,1
S0932,genus_core,1,1,1,3,3,1,1,1,1
S0933,genus_core,1,1,1,3,3,1,1,1,3
S0934,genus_core,1,1,1,3,3,3,1,1,3
S0935,genus_core,1,1,1,1,2,1,3,1,1
S0936,genus_core,1,1,1,3,3,1,3,2,2
S0937,genus_core,1,1,1,3,1,1,3,2,2
S0938,genus_core,1,1,1,3,1,1,3,2,2
S0939,genus_core,1,1,2,2,2,1,2,1,2
S0940,genus_core,2,1,2,2,1,1,2,2,2
S0941,genus_core,2,2,2,2,1,1,2,2,2
S0942,genus_core,2,1,2,2,1,1,2,2,1
S0943,genus_core,3,3,1,3,1,1,1,1,3
S0944,species_restricted_core,3,3,1,1,1,1,0,0,0
S0945,genus_core,3,1,1,2,1,1,3,1,1
S0946,genus_core,3,1,1,2,1,1,3,1,1
S0947,genus_core,3,3,3,1,1,3,1,2,3
S0948,genus_core,3,3,3,1,1,3,1,1,3
S0949,genus_core,1,3,3,1,1,1,1,1,3
S0950,genus_core,1,1,1,3,1,3,3,3,3
S0951,genus_core,2,2,2,2,2,2,1,1,1
S0952,species_restricted_core,2,2,2,2,2,2,0,0,0
S0956,genus_core,1,1,3,3,3,3,1,1,1
S0959,genus_core,1,1,1,1,2,2,2,1,1
S0963,genus_core,1,2,2,2,2,2,1,2,3
S0964,genus_core,1,1,1,2,2,1,1,1,1
S0965,genus_core,1,1,1,3,3,1,1,1,3
S0966,genus_core,1,1,1,1,1,1,3,1,3
S0967,genus_core,2,2,2,1,2,1,2,2,2
S0968,genus_core,2,2,2,1,2,1,2,2,2
S0969,genus_core,2,1,2,2,2,1,2,2,2
S0970,genus_core,1,1,1,1,1,1,1,3,3
S0973,genus_core,1,1,2,2,1,1,2,2,2
S0974,genus_core,1,1,3,1,1,1,1,1,1
S0975,genus_core,1,1,1,1,1,2,1,1,1
S0976,genus_core,1,1,1,1,1,2,2,1,1
S0977,genus_core,1,1,1,1,1,1,2,1,2
S0978,genus_core,3,1,1,3,1,3,1,3,3
S0979,genus_core,3,3,3,3,1,3,1,1,3
S0981,genus_core,2,1,2,2,2,1,2,1,2
S0982,genus_core,1,1,1,3,3,3,1,1,3
S0983,genus_core,1,1,3,3,3,3,1,1,1
S0984,genus_core,1,1,1,3,1,1,1,1,1
S0985,genus_core,1,1,1,3,1,1,1,1,1
S0986,genus_core,1,1,1,3,1,1,1,1,1
S0987,genus_core,1,1,1,3,3,1,1,1,1
S0988,genus_core,1,1,1,3,3,1,1,1,1
S0989,genus_core,1,1,1,2,1,2,1,1,1
S0990,genus_core,1,1,1,2,2,2,1,1,1
S0991,genus_core,1,1,1,2,2,2,1,1,1
S0992,genus_core,1,1,1,1,1,2,1,1,1
S1000,genus_core,3,1,1,1,1,1,1,1,1
S1004,genus_core,1,2,2,1,1,1,2,1,2
S1005,genus_core,2,1,2,2,2,1,2,1,1
S1006,genus_core,2,1,2,2,2,1,2,1,1
S1007,genus_core,2,1,2,1,1,1,2,1,1
S1008,genus_core,2,1,2,1,1,1,1,1,1
S1009,genus_core,1,1,3,3,3,1,1,1,3
S1013,genus_core,1,1,1,1,1,1,2,1,2
S1015,genus_core,1,3,1,3,1,1,1,1,1
S1016,genus_core,1,3,3,3,1,1,1,1,1
S1017,genus_core,1,1,3,3,3,1,3,1,3
S1018,genus_core,1,1,1,2,1,2,1,1,1
S1019,genus_core,1,1,1,2,1,2,1,1,1
S1024,genus_core,1,1,1,2,1,1,1,1,1
S1025,genus_core,1,1,1,2,1,1,1,1,1
S1026,genus_core,1,1,1,2,1,1,1,1,1
S1029,genus_core,1,1,1,1,1,1,2,1,1
S1030,genus_core,1,1,1,1,3,1,1,1,1
S1031,genus_core,1,1,1,1,3,1,1,1,1
S1032,genus_core,1,1,1,3,1,3,1,1,1
S1040,genus_core,1,3,3,1,1,3,1,1,1
S1041,genus_core,1,1,1,1,1,3,1,1,1
S1042,genus_core,1,1,1,1,1,3,1,1,1
S1044,genus_core,1,1,2,1,1,1,1,1,1
S1045,species_restricted_core,2,2,2,2,1,1,0,0,0
S1046,genus_core,1,1,1,1,1,1,3,1,3
S1048,genus_core,1,1,3,1,1,1,1,1,1
S1053,genus_core,2,1,1,1,1,1,1,1,1
S1063,genus_core,1,1,1,1,1,1,3,1,1
S1065,genus_core,1,1,1,1,1,1,1,1,3
S1067,genus_core,1,2,1,1,1,1,1,1,1
S1070,genus_core,1,1,1,1,1,1,1,1,2
S1072,genus_core,2,2,1,2,2,2,1,1,1
S1073,genus_core,2,2,2,2,2,2,1,1,1
S1074,genus_core,2,2,1,2,2,2,1,1,1
S1075,genus_core,2,1,1,2,2,2,3,1,1
S1076,genus_core,1,1,1,1,3,1,1,1,1
S1077,species_restricted_core,1,2,1,1,0,0,0,0,0
S1078,species_restricted_core,1,1,3,1,0,0,3,0,0
S1079,species_restricted_core,2,1,2,1,1,1,0,0,0
S1080,species_restricted_core,2,1,1,1,1,3,0,0,0
S1081,genus_core,1,1,2,1,2,1,2,2,2
S1082,genus_core,1,1,1,1,1,1,1,1,2
S1083,genus_core,1,1,1,3,1,3,1,1,3
S1086,genus_core,2,1,2,2,2,2,2,1,1
S1087,genus_core,2,2,2,2,2,2,2,2,2
S1088,genus_core,1,1,1,3,1,1,1,1,1
S1089,genus_core,1,1,1,3,1,1,1,1,1
S1090,genus_core,1,3,1,1,1,1,1,1,1
S1093,genus_core,2,1,2,2,1,1,2,2,2
S1095,genus_core,1,1,2,2,2,1,1,1,2
S1096,genus_core,1,1,1,1,1,1,2,1,2
S1097,genus_core,1,1,1,2,2,1,2,1,2
S1098,genus_core,1,1,1,2,2,1,2,1,2
S1099,genus_core,1,1,2,2,2,2,2,1,2
S1100,genus_core,1,1,1,1,2,1,2,1,2
S1102,genus_core,3,3,3,3,1,3,3,1,1
S1103,genus_core,3,3,3,3,3,3,3,3,3
S1104,genus_core,1,1,1,1,1,1,3,1,1
S1105,genus_core,1,1,1,1,1,1,3,1,1
S1106,genus_core,1,1,1,3,3,3,1,1,3
S1110,genus_core,1,1,1,2,1,1,1,1,2
S1111,genus_core,1,1,1,3,1,3,1,1,1
S1112,genus_core,1,1,3,3,1,1,1,1,3
S1116,genus_core,1,1,1,1,1,1,2,1,1
S1126,genus_core,3,1,1,1,1,1,1,1,1
S1127,genus_core,1,1,2,1,2,1,1,1,2
S1129,genus_core,1,1,1,2,1,1,2,1,1
S1130,genus_core,1,1,2,2,1,1,2,1,1
S1131,genus_core,1,1,2,2,1,1,2,1,1
S1134,genus_core,1,1,3,3,3,3,1,1,3
S1137,genus_core,1,1,1,1,3,3,1,1,3
S1138,genus_core,1,1,1,1,1,1,1,1,3
S1141,genus_core,1,3,1,3,3,1,3,1,1
S1142,genus_core,1,1,1,3,1,1,1,1,1
S1146,genus_core,2,1,2,2,2,2,2,2,1
S1147,genus_core,1,1,1,2,2,1,1,1,1
S1153,genus_core,1,1,1,3,1,1,1,1,1
S1154,species_restricted_core,3,3,3,1,2,2,0,0,0
S1156,genus_core,1,1,1,2,1,2,1,1,1
S1157,genus_core,2,1,1,1,1,1,2,2,2
S1159,genus_core,1,1,2,1,1,1,1,1,1
S1161,genus_core,1,3,3,3,3,3,3,1,3
S1162,species_restricted_core,2,2,2,1,2,1,0,0,0
S1163,species_restricted_core,2,3,1,1,1,1,1,1,1
S1164,genus_core,2,2,2,2,1,1,2,1,2
S1165,genus_core,2,1,2,1,1,1,2,1,2
S1166,genus_core,2,2,2,2,2,2,2,1,1
S1167,genus_core,2,1,2,2,2,2,2,2,2
S1168,species_restricted_core,1,2,1,1,1,0,1,1,2
S1169,genus_core,1,1,1,3,3,1,1,3,3
S1170,species_restricted_core,1,1,2,1,0,1,0,0,0
S1171,genus_core,1,1,1,1,1,2,1,1,1
S1173,genus_core,1,1,3,1,1,3,1,1,1
S1174,genus_core,1,1,3,1,2,1,1,1,2
S1175,genus_core,1,1,1,2,1,1,1,1,3
S1176,species_restricted_core,1,1,1,0,0,0,1,1,2
S1177,species_restricted_core,3,1,1,1,1,1,0,0,0
S1178,species_restricted_core,2,1,1,1,1,1,0,1,0
S1180,genus_core,1,1,1,3,1,3,2,1,1
S1181,genus_core,2,1,1,1,1,1,2,1,3
S1182,genus_core,1,1,1,2,1,2,1,1,1
S1184,genus_core,2,1,1,1,1,1,1,1,1
S1186,genus_core,3,3,1,1,1,2,3,1,1
S1188,genus_core,1,1,1,1,1,1,1,1,2
S1189,genus_core,2,2,2,2,1,1,1,2,2
S1190,genus_core,2,1,2,2,2,2,2,2,1
S1192,species_restricted_core,1,1,1,2,2,1,0,0,0
S1193,genus_core,1,1,2,2,2,2,1,1,1
S1194,genus_core,1,1,1,1,1,1,2,1,2
S1196,genus_core,1,1,1,1,1,3,1,1,1
S1198,genus_core,2,1,2,2,1,2,1,1,2
S1199,genus_core,3,3,3,3,3,3,1,1,3
S1200,species_restricted_core,1,1,1,2,1,1,0,0,1
S1202,species_restricted_core,1,1,3,3,0,0,0,0,0
S1203,genus_core,1,1,1,2,2,2,2,2,2
S1204,genus_core,2,2,2,2,2,1,2,2,2
S1205,genus_core,1,1,2,1,2,1,1,1,2
S1207,genus_core,1,2,2,1,2,1,1,1,1
S1209,genus_core,2,1,2,2,2,2,2,1,2
S1210,genus_core,1,2,1,1,1,1,1,1,1
S1212,genus_core,2,2,2,1,1,1,1,1,3
S1214,genus_core,1,1,1,3,3,1,1,1,1
S1215,genus_core,1,1,2,1,1,1,1,1,1
S1217,genus_core,2,1,2,2,2,1,2,1,1
S1219,genus_core,2,2,2,1,2,2,2,2,2
S1220,genus_core,1,2,1,2,1,1,2,2,1
S1221,species_restricted_core,2,1,2,1,1,2,0,0,0
S1222,genus_core,3,3,3,3,1,3,1,1,1
S1225,species_restricted_core,3,1,1,2,2,1,0,0,0
S1226,genus_core,1,1,1,1,1,1,1,1,3
S1227,genus_core,2,1,1,2,1,2,1,1,2
S1228,genus_core,1,1,1,1,1,3,1,1,3
S1229,genus_core,1,1,3,1,1,1,1,1,1
S1230,genus_core,1,1,3,3,1,3,1,1,1
S1231,genus_core,1,2,1,1,1,1,1,1,1
S1232,genus_core,2,2,2,2,1,1,2,1,2
S1234,genus_core,1,1,1,3,1,1,3,2,2
S1235,genus_core,2,2,2,2,2,2,2,1,1
S1236,genus_core,2,1,1,2,2,1,1,1,1
S1237,genus_core,1,1,3,1,1,1,1,1,3
S1238,species_restricted_core,1,1,1,1,2,1,0,0,0
S1240,genus_core,2,1,2,1,2,1,1,1,1
S1242,genus_core,1,3,1,1,1,1,1,1,1
S1244,species_restricted_core,1,2,3,0,0,0,0,0,0
S1247,genus_core,1,1,1,3,1,1,1,1,1
S1250,genus_core,1,1,3,1,1,1,1,1,3
S1252,genus_core,1,1,3,3,1,3,3,1,3
S1254,genus_core,1,3,3,1,1,1,2,1,2
S1255,species_restricted_core,3,1,3,3,3,3,0,0,0
S1256,genus_core,1,1,1,1,1,3,1,1,1
S1257,species_restricted_core,1,1,1,1,1,3,0,0,0
S1259,genus_core,2,1,2,2,2,2,2,2,2
S1261,genus_core,1,1,1,3,3,1,1,1,1
S1263,genus_core,1,1,1,3,1,1,3,1,1
S1264,genus_core,2,1,2,2,2,2,2,1,2
S1265,genus_core,1,1,2,2,2,2,1,1,1
S1266,species_restricted_core,2,2,2,2,2,1,2,0,0
S1267,genus_core,2,1,1,1,2,1,1,1,1
S1268,species_restricted_core,2,1,2,2,1,1,0,0,0
S1270,genus_core,1,1,1,1,1,1,2,1,1
S1271,genus_core,2,3,2,1,2,1,1,1,1
S1272,genus_core,1,1,1,2,1,2,3,1,1
S1275,genus_core,1,3,1,2,2,1,3,1,1
S1276,species_restricted_core,2,2,3,0,0,0,0,0,0
S1277,genus_core,1,2,1,2,1,2,2,2,1
S1280,genus_core,1,1,1,3,1,1,1,1,1
S1281,genus_core,1,1,1,1,1,1,3,1,1
S1282,genus_core,3,3,3,3,1,3,1,1,1
S1284,genus_core,2,1,1,1,2,1,3,1,3
S1285,genus_core,1,1,1,1,2,1,1,1,1
S1287,species_restricted_core,3,3,1,1,3,1,0,0,0
S1288,genus_core,1,1,1,1,1,1,1,3,1
S1289,genus_core,1,1,1,2,1,1,1,1,2
S1290,genus_core,2,2,2,2,2,2,2,2,2
S1292,genus_core,2,1,2,2,2,2,2,1,2
S1293,genus_core,2,1,1,1,1,1,1,1,1
S1296,genus_core,1,1,1,3,1,1,3,2,2
S1297,species_restricted_core,1,1,1,1,2,1,0,0,0
S1299,genus_core,1,1,1,2,1,2,1,1,1
S1300,genus_core,1,1,1,1,1,1,2,1,1
S1301,genus_core,1,3,1,1,1,1,1,1,1
S1304,genus_core,1,1,1,2,2,1,2,1,2
S1306,genus_core,2,2,2,2,1,2,2,1,2
S1308,genus_core,3,3,3,3,3,1,1,1,1
S1309,species_restricted_core,1,2,1,1,0,0,2,2,2
S1310,species_restricted_core,1,1,1,3,1,1,0,0,0
S1311,genus_core,1,3,1,3,3,3,1,1,1
S1313,genus_core,1,2,2,1,1,1,1,1,1
S1314,genus_core,1,2,2,2,1,1,1,1,1
S1316,genus_core,1,1,1,2,1,1,3,1,1
S1317,genus_core,1,1,1,3,1,1,3,2,1
S1318,genus_core,1,1,1,2,2,1,2,1,2
S1319,species_restricted_core,1,2,1,1,0,0,1,0,0
S1320,species_restricted_core,1,2,1,1,0,0,1,0,0
S1322,species_restricted_core,1,1,2,1,1,2,0,0,0
S1323,genus_core,3,3,3,1,1,1,3,3,3
S1325,species_restricted_core,1,1,1,2,2,0,0,1,0
S1327,species_restricted_core,1,1,3,3,3,3,0,0,0
S1328,genus_core,1,1,1,1,1,2,2,1,1
S1329,species_restricted_core,3,3,1,3,3,3,0,0,0
S1330,species_restricted_core,2,2,2,2,1,2,0,0,0
S1331,genus_core,2,1,2,2,2,2,1,1,2
S1334,species_restricted_core,1,1,1,0,3,3,2,1,2
S1335,species_restricted_core,1,1,2,1,0,1,0,0,0
S1336,species_restricted_core,1,2,1,1,1,1,0,1,0
S1337,genus_core,1,1,2,2,2,2,2,2,2
S1338,genus_core,2,1,2,2,2,2,2,2,2
S1339,genus_core,2,1,2,2,2,2,2,2,2
S1340,species_restricted_core,1,2,1,2,2,2,0,0,0
S1341,genus_core,1,1,2,2,2,1,1,1,1
S1342,genus_core,1,1,1,2,1,1,1,1,1
S1343,species_restricted_core,1,3,1,1,1,1,0,0,0
S1344,genus_core,2,2,2,1,1,1,1,1,1
S1345,genus_core,2,2,2,2,2,2,1,1,2
S1346,species_restricted_core,1,2,1,2,2,2,0,0,0
S1348,genus_core,1,1,3,3,1,1,1,1,1
S1349,genus_core,2,1,2,2,2,2,2,2,2
S1350,genus_core,1,1,1,3,1,1,1,1,1
S1352,species_restricted_core,2,2,2,2,2,2,2,0,1
S1354,genus_core,1,3,3,1,1,1,1,1,1
S1355,species_restricted_core,1,1,1,1,3,1,0,0,0
S1357,genus_core,2,2,2,2,2,2,2,1,2
S1358,genus_core,1,3,1,1,1,1,1,1,1
S1359,species_restricted_core,1,2,3,0,0,0,0,0,0
S1361,species_restricted_core,1,2,2,3,3,3,0,0,0
S1363,genus_core,1,1,1,2,2,1,1,1,3
S1365,genus_core,1,3,1,1,1,1,1,1,1
S1367,species_restricted_core,1,2,1,2,1,2,0,0,0
S1368,genus_core,1,1,1,3,3,3,1,1,3
S1369,species_restricted_core,1,2,1,2,2,2,0,0,0
S1370,genus_core,2,2,2,2,2,1,2,2,1
S1371,genus_core,1,1,2,2,2,2,1,1,1
S1372,genus_core,2,1,2,2,2,2,2,2,2
S1373,genus_core,2,2,2,2,2,2,2,2,2
S1374,species_restricted_core,1,1,2,1,0,1,0,0,0
S1375,species_restricted_core,2,2,2,0,0,2,1,1,2
S1376,genus_core,2,2,2,1,1,1,2,1,1
S1377,species_restricted_core,1,3,3,1,1,1,0,0,0
S1378,genus_core,1,1,1,1,1,1,2,1,1
S1380,genus_core,2,1,2,1,2,1,1,1,1
S1381,genus_core,1,2,2,2,2,2,2,1,1
S1382,genus_core,1,1,1,1,2,2,2,1,1
S1386,species_restricted_core,1,2,2,0,0,0,0,0,0
S1387,genus_core,1,3,3,3,3,1,3,1,1
S1391,genus_core,2,2,2,2,1,1,1,1,2
S1392,species_restricted_core,1,1,2,1,2,3,1,1,3
S1393,genus_core,2,1,2,1,2,2,1,1,1
S1396,genus_core,2,2,2,2,2,2,2,2,1
S1399,genus_core,1,1,2,1,1,2,1,1,2
S1400,genus_core,1,1,1,3,3,3,1,1,1
S1401,genus_core,1,1,1,1,1,1,1,1,2
S1402,genus_core,1,1,1,1,1,1,3,1,1
S1403,species_restricted_core,1,1,1,1,1,3,0,0,0
S1408,genus_core,1,1,3,1,1,3,1,1,1
S1413,genus_core,1,1,1,3,3,1,3,1,3
S1415,genus_core,1,1,1,2,1,1,1,1,1
S1417,genus_core,1,1,1,2,2,1,1,1,1
S1418,genus_core,1,3,1,1,1,1,1,1,1
S1419,genus_core,1,1,2,2,1,2,2,2,2
S1420,genus_core,2,2,2,2,1,2,1,1,1
S1421,species_restricted_core,1,1,1,1,2,1,0,0,0
S1422,genus_core,2,2,2,2,2,2,2,2,1
S1424,genus_core,1,1,2,1,1,2,2,1,1
S1425,genus_core,1,1,1,1,1,1,2,1,1
S1426,genus_core,3,1,1,1,1,1,1,1,1
S1427,species_restricted_core,2,1,2,2,1,1,0,0,0
S1429,genus_core,1,1,1,3,1,1,1,1,3
S1431,genus_core,2,1,2,2,2,2,2,1,1
S1433,species_restricted_core,1,1,1,1,1,3,0,0,0
S1436,genus_core,3,1,1,3,3,3,1,1,1
S1437,genus_core,1,2,1,2,1,1,1,1,1
S1438,genus_core,3,1,1,1,1,1,1,1,1
S1442,genus_core,1,1,2,1,2,1,1,1,1
S1443,genus_core,1,3,3,1,3,3,3,3,3
S1445,genus_core,1,1,1,1,1,1,3,1,3
S1446,genus_core,1,1,2,1,1,1,1,1,1
S1447,genus_core,1,1,3,3,1,3,1,1,3
S1448,genus_core,1,1,1,2,2,2,2,1,1
S1450,species_restricted_core,2,1,2,2,1,1,0,0,0
S1453,species_restricted_core,2,1,1,1,1,1,0,0,0
S1454,genus_core,2,1,1,1,1,1,1,1,1
S1455,genus_core,2,1,1,2,1,2,1,1,1
S1457,genus_core,1,1,1,1,1,1,1,1,3
S1458,genus_core,2,1,1,1,1,1,1,1,1
S1459,genus_core,2,2,2,2,2,2,2,2,2
S1460,genus_core,2,3,1,2,1,2,1,1,3
S1461,genus_core,1,1,1,1,1,2,2,1,2
S1463,genus_core,1,3,3,1,1,1,3,1,1
S1464,genus_core,2,1,2,2,2,1,1,1,1
S1465,genus_core,2,3,2,2,1,1,1,1,1
S1466,genus_core,2,1,2,2,2,2,2,2,2
S1467,genus_core,3,3,3,3,3,3,3,3,3
S1468,genus_core,1,1,1,1,1,1,2,1,2
S1471,genus_core,2,2,2,2,2,2,1,1,2
S1472,genus_core,1,1,1,1,3,1,1,3,3
S1473,genus_core,1,1,1,1,1,1,1,1,2
S1474,genus_core,2,2,2,2,1,2,2,1,2
S1475,genus_core,1,1,1,2,1,1,1,1,1
S1476,genus_core,1,1,3,3,3,3,3,1,3
S1477,genus_core,2,2,2,2,2,2,2,2,1
S1478,genus_core,1,1,1,2,2,1,1,1,1
S1480,genus_core,1,3,1,1,1,1,1,1,3
S1483,species_restricted_core,1,2,2,2,1,1,0,0,0
S1486,species_restricted_core,1,1,2,1,1,2,1,1,1
S1489,genus_core,2,1,1,1,2,1,1,1,2
S1490,genus_core,1,1,1,1,1,1,1,1,3
S1494,genus_core,2,1,2,2,2,1,1,1,1
S1495,species_restricted_core,1,1,2,1,1,1,0,0,0
S1496,genus_core,2,2,2,1,1,1,1,1,1
S1498,genus_core,1,3,3,1,1,3,1,1,1
S1499,species_restricted_core,3,3,1,1,1,1,0,0,0
S1500,genus_core,2,1,2,2,2,2,2,2,2
S1501,genus_core,3,3,3,1,1,1,1,1,3
S1502,genus_core,3,3,3,1,1,1,1,1,1
S1503,genus_core,1,1,1,1,1,1,1,3,3
S1504,species_restricted_core,1,3,3,3,3,3,0,0,0
S1506,genus_core,1,1,3,1,1,1,1,1,1
S1508,genus_core,3,1,1,1,1,1,1,1,1
S1509,genus_core,3,1,1,1,1,1,1,1,3
S1510,genus_core,1,1,1,1,1,1,1,1,3
S1512,genus_core,1,1,1,3,1,3,1,1,1
S1514,genus_core,3,3,1,1,1,1,1,1,3
S1515,genus_core,1,1,1,2,1,1,1,1,1
S1517,genus_core,1,1,2,1,1,1,1,1,3
S1521,genus_core,1,1,1,2,1,1,1,1,1
S1523,genus_core,2,2,2,2,2,2,2,2,1
S1525,genus_core,2,2,2,1,1,1,1,1,1
S1526,genus_core,1,1,1,1,3,1,2,1,1
S1527,genus_core,1,3,1,1,2,1,1,3,1
S1531,species_restricted_core,2,2,2,2,2,2,0,0,0
S1539,genus_core,1,1,1,2,1,2,1,1,1
S1543,genus_core,1,1,1,1,1,3,2,1,2
S1545,genus_core,1,1,1,2,1,2,3,1,1
S1547,genus_core,1,1,1,1,1,1,1,1,2
S1548,genus_core,1,1,1,1,1,1,3,3,3
S1549,genus_core,1,1,1,2,1,2,1,1,1
S1553,genus_core,2,1,2,1,2,1,2,1,1
S1554,genus_core,2,1,2,2,1,1,2,2,2
S1555,genus_core,3,3,3,1,3,1,1,1,3
S1557,genus_core,1,1,1,2,1,2,1,1,2
S1558,genus_core,1,1,1,1,2,1,1,1,1
S1561,species_restricted_core,2,1,2,1,1,0,0,0,0
S1563,genus_core,1,1,1,3,1,1,1,1,1
S1565,genus_core,1,3,1,1,1,3,1,1,1
S1566,genus_core,1,3,1,1,1,1,1,1,1
S1567,genus_core,2,2,2,2,2,2,2,2,1
S1568,species_restricted_core,1,1,1,0,1,2,1,1,1
S1569,species_restricted_core,1,1,1,1,1,3,0,0,0
S1571,species_restricted_core,3,1,1,3,1,3,1,1,3
S1572,genus_core,1,1,1,1,1,1,2,1,1
S1573,genus_core,1,3,1,3,3,1,3,1,1
S1574,genus_core,1,3,1,1,1,1,1,1,1
S1575,genus_core,1,1,1,1,3,1,1,2,2
S1576,genus_core,1,1,1,1,1,1,1,1,3
S1577,genus_core,1,3,3,1,1,3,1,3,3
S1579,genus_core,1,1,1,1,1,1,1,1,2
S1580,genus_core,1,1,1,2,1,1,1,1,1
S1581,genus_core,1,1,2,2,2,1,1,1,1
S1582,species_restricted_core,2,1,2,2,2,1,1,1,1
S1583,genus_core,1,1,2,2,1,1,1,1,2
S1585,genus_core,1,1,1,1,1,1,1,1,2
S1586,genus_core,1,1,1,3,3,1,1,1,1
S1589,genus_core,2,1,1,1,1,1,2,1,1
S1591,genus_core,2,1,2,1,2,1,3,1,1
S1592,genus_core,1,1,1,1,1,1,3,1,3
S1597,genus_core,1,1,1,1,2,1,1,1,1
S1598,genus_core,2,1,2,2,2,2,1,1,3
S1600,genus_core,2,1,2,2,1,1,1,1,1
S1602,genus_core,1,1,1,3,3,1,3,1,1
S1603,genus_core,1,1,1,3,1,3,1,1,1
S1605,genus_core,1,1,1,1,1,1,1,1,3
S1607,genus_core,1,1,1,1,1,1,1,1,3
S1609,genus_core,1,1,1,1,1,1,1,1,3
S1610,species_restricted_core,2,1,1,2,2,1,0,0,0
S1611,genus_core,2,2,2,2,2,2,1,1,1
S1612,species_restricted_core,1,1,1,1,3,1,0,0,0
S1614,genus_core,1,1,1,1,1,1,1,1,2
S1615,genus_core,1,1,1,1,2,1,1,1,1
S1616,genus_core,1,1,1,2,2,1,1,1,1
S1618,genus_core,1,2,1,2,1,1,1,1,1
S1619,genus_core,1,1,1,3,3,1,1,1,1
S1620,genus_core,1,2,1,1,3,1,2,1,1
S1625,genus_core,1,1,1,3,1,1,1,1,3
S1627,genus_core,1,1,1,1,1,2,1,1,1
S1628,species_restricted_core,1,2,2,1,1,2,0,0,0
S1631,species_restricted_core,1,1,1,2,1,1,0,0,0
S1632,genus_core,2,1,1,1,1,1,1,1,1
S1634,genus_core,1,1,1,1,1,1,2,1,2
S1635,genus_core,1,1,1,1,1,2,1,1,1
S1636,genus_core,1,1,2,1,2,1,1,1,1
S1640,genus_core,1,1,1,3,1,3,1,1,3
S1641,genus_core,2,1,2,1,1,1,1,1,1
S1644,genus_core,3,1,3,1,1,1,3,1,1
S1645,genus_core,3,3,3,1,1,2,2,1,1
S1646,genus_core,1,1,1,1,1,1,1,1,3
S1649,genus_core,1,1,1,1,1,1,1,1,2
S1650,genus_core,2,1,2,2,2,2,1,2,2
S1651,genus_core,1,1,1,1,1,1,1,1,2
S1655,genus_core,2,1,1,1,1,1,1,1,1
S1658,genus_core,1,1,1,1,2,2,1,1,1
S1659,genus_core,1,1,1,3,1,1,3,2,1
S1660,species_restricted_core,2,2,2,2,2,1,2,0,0
S1661,genus_core,1,3,1,2,2,1,1,1,1
S1662,species_restricted_core,1,2,1,2,3,3,0,0,0
S1665,species_restricted_core,2,2,2,2,2,2,2,0,0
S1666,genus_core,1,1,1,1,1,1,2,1,1
S1667,genus_core,1,1,1,1,1,3,1,1,1
S1669,species_restricted_core,1,1,1,0,3,3,1,1,2
S1671,species_restricted_core,1,1,1,1,3,1,0,0,0
S1672,genus_core,2,1,2,1,2,1,2,1,1
S1673,genus_core,2,1,2,2,2,2,2,1,2
S1674,species_restricted_core,1,1,1,1,1,2,0,0,0
S1676,genus_core,1,1,1,1,1,1,3,1,3
S1677,genus_core,1,1,1,1,2,2,2,1,1
S1678,genus_core,1,1,1,1,1,1,1,1,3
S1680,genus_core,1,1,3,3,3,1,1,1,1
S1681,species_restricted_core,1,1,1,2,1,0,0,0,0
S1682,species_restricted_core,1,2,2,1,0,0,0,0,0
S1683,genus_core,1,1,1,1,1,1,1,1,2
S1689,genus_core,1,1,1,2,1,1,1,1,1
S1690,genus_core,1,1,1,3,3,1,1,1,1
S1691,genus_core,1,1,1,2,2,1,1,1,1
S1694,genus_core,2,2,2,2,2,2,2,2,1
S1695,genus_core,1,3,3,3,3,1,3,1,3
S1696,genus_core,2,1,2,2,2,2,1,1,1
S1697,genus_core,1,1,1,1,1,3,1,1,1
S1699,genus_core,1,1,1,2,1,1,1,1,1
S1700,genus_core,3,3,3,3,3,3,3,3,3
S1703,genus_core,1,1,1,3,3,1,1,3,3
S1704,genus_core,1,1,3,3,1,3,1,1,1
S1705,genus_core,2,1,1,1,1,1,1,1,2
S1706,genus_core,1,1,1,1,1,1,1,1,2
S1707,species_restricted_core,2,2,2,2,2,1,0,0,0
S1708,genus_core,3,3,3,3,3,3,3,3,3
S1709,genus_core,1,1,1,1,1,1,1,1,3
S1711,genus_core,1,1,1,3,3,3,1,1,3
S1712,genus_core,1,1,1,1,1,1,1,1,2
S1713,species_restricted_core,1,3,1,1,3,1,1,1,3
S1715,genus_core,2,2,2,2,2,2,2,1,1
S1716,genus_core,2,2,2,2,2,2,2,2,1
S1717,genus_core,1,1,1,3,1,3,3,1,2
S1720,genus_core,1,1,1,1,1,3,1,1,1
S1722,genus_core,2,1,2,2,2,1,1,1,1
S1724,species_restricted_core,1,3,3,0,0,0,0,0,0
S1725,genus_core,2,2,2,2,2,2,2,2,2
S1732,genus_core,2,1,2,1,1,1,1,1,2
S1734,genus_core,1,1,1,1,1,1,1,1,3
S1735,species_restricted_core,1,1,1,1,1,3,0,0,0
S1737,genus_core,1,1,1,3,1,1,1,1,1
S1740,genus_core,1,3,3,3,3,1,1,1,1
S1741,genus_core,1,1,1,1,1,1,1,1,2
S1742,genus_core,2,1,2,1,2,1,2,1,1
S1746,genus_core,1,1,1,1,1,3,1,1,1
S1747,species_restricted_core,1,1,1,1,1,0,2,1,2
S1748,genus_core,2,2,2,2,2,2,2,2,1
S1749,genus_core,1,1,1,3,3,1,1,1,1
S1751,genus_core,1,1,1,2,1,1,1,1,1
S1753,genus_core,2,1,2,2,2,1,1,1,2
S1755,genus_core,3,1,3,3,1,3,2,1,2
S1756,genus_core,1,1,1,1,1,1,1,1,2
S1761,genus_core,1,2,1,1,1,1,1,1,3
S1763,species_restricted_core,1,1,1,2,1,1,0,0,0
S1765,genus_core,1,1,1,1,1,1,1,1,3
S1768,genus_core,1,1,1,1,1,1,1,3,3
S1769,genus_core,2,1,2,2,2,2,1,1,1
S1773,genus_core,3,1,1,2,1,1,1,1,3
S1774,genus_core,1,1,1,1,1,3,1,1,1
S1776,genus_core,1,2,1,1,2,1,1,1,2
S1780,species_restricted_core,3,1,1,0,0,1,0,0,0
S1785,species_restricted_core,3,1,1,2,1,0,0,0,0
S1786,species_restricted_core,1,2,2,1,0,0,0,0,0
S1789,genus_core,1,1,3,3,1,3,1,1,3
S1791,genus_core,2,2,2,2,2,2,2,2,1
S1792,genus_core,1,3,3,3,3,3,3,1,3
S1793,species_restricted_core,1,3,1,1,1,3,0,0,0
S1794,genus_core,3,3,3,3,3,3,3,3,3
S1795,genus_core,1,1,1,1,1,1,3,1,3
S1796,genus_core,1,1,1,3,1,1,1,1,1
S1797,genus_core,1,1,1,1,1,1,1,1,3
S1798,genus_core,2,1,1,1,1,1,1,1,1
S1799,genus_core,1,2,2,1,1,1,2,2,1
S1800,genus_core,1,3,3,1,3,1,1,1,2
S1801,genus_core,2,1,2,2,2,2,2,1,1
S1803,genus_core,3,3,3,3,3,3,3,3,3
S1804,genus_core,1,1,1,2,1,2,2,1,1
S1806,species_restricted_core,1,3,3,0,0,0,0,0,0
S1807,species_restricted_core,1,1,1,1,3,1,0,0,0
S1808,species_restricted_core,1,2,2,0,0,0,0,0,0
S1809,genus_core,1,1,3,3,1,1,1,1,1
S1812,genus_core,3,2,1,3,1,3,1,3,1
S1817,genus_core,3,3,3,1,3,1,1,3,3
S1822,species_restricted_core,1,1,1,2,2,2,0,0,0
S1823,genus_core,1,3,1,1,1,1,1,1,1
S1824,genus_core,1,1,1,1,1,2,1,1,1
S1825,genus_core,2,2,2,2,2,2,2,1,1
S1826,genus_core,1,1,1,1,1,1,2,1,1
S1828,genus_core,1,1,1,1,1,1,1,1,2
S1830,genus_core,2,1,2,2,2,1,2,1,2
S1831,species_restricted_core,1,1,1,3,1,3,1,1,1
S1832,genus_core,1,3,1,1,1,1,1,1,1
S1833,genus_core,2,1,1,1,1,1,1,1,1
S1834,genus_core,2,2,2,2,2,2,2,2,1
S1835,genus_core,1,1,3,1,1,3,3,1,3
S1836,genus_core,1,1,3,1,1,3,3,1,3
S1837,genus_core,1,3,3,1,1,1,1,1,3
S1839,genus_core,2,2,2,2,2,2,2,2,1
S1840,genus_core,2,2,2,2,2,2,2,2,1
S1841,genus_core,2,1,2,2,2,2,2,1,1
S1842,genus_core,1,1,2,2,2,2,1,1,2
S1844,genus_core,1,1,3,1,1,1,1,3,1
S1845,genus_core,2,1,1,2,2,1,1,1,1
S1847,genus_core,2,2,2,2,2,1,1,1,2
S1848,genus_core,2,2,2,2,2,2,1,1,2
S1849,genus_core,1,1,1,1,1,1,1,1,2
S1851,genus_core,1,3,1,1,1,1,1,1,1
S1852,genus_core,2,2,2,2,2,2,2,2,1
S1853,genus_core,2,2,2,2,2,2,2,2,1
S1856,genus_core,2,2,2,1,1,1,1,1,1
S1858,genus_core,1,1,2,1,1,1,1,1,1
S1860,species_restricted_core,1,1,2,0,2,2,0,0,0
S1862,genus_core,2,2,2,2,2,2,2,2,1
S1863,genus_core,2,2,2,2,2,2,2,2,1
S1866,species_restricted_core,2,2,2,1,1,1,1,0,1
S1867,genus_core,2,1,2,2,2,2,1,1,2
S1868,genus_core,1,3,3,3,3,3,3,3,1
S1870,genus_core,2,2,2,2,2,1,2,2,2
S1871,genus_core,1,1,1,3,1,1,1,1,1
S1872,genus_core,1,3,3,3,3,3,3,3,1
S1873,genus_core,1,1,1,3,1,3,1,1,1
S1874,genus_core,1,3,3,3,3,1,3,1,1
S1875,genus_core,1,3,3,3,3,3,3,3,1
S1876,genus_core,1,1,3,3,3,3,3,3,1
S1877,species_restricted_core,1,3,1,1,1,3,0,0,0
S1878,species_restricted_core,1,3,1,1,1,3,0,0,0
S1879,species_restricted_core,1,1,2,0,0,0,0,0,0
S1887,species_restricted_core,0,3,1,1,1,3,0,0,0
S1890,species_restricted_core,0,0,2,2,2,2,1,2,1
S1891,species_restricted_core,0,0,2,2,2,2,1,2,1
S1893,genus_core,1,1,1,1,1,1,1,1,3
S1895,accessory,0,0,1,0,0,3,0,0,0
S1896,accessory,0,0,1,1,3,0,0,0,0
S1897,species_restricted_core,0,0,1,0,0,0,1,1,2
S1901,accessory,0,0,1,2,2,2,2,0,0
S1902,accessory,0,0,1,0,2,0,0,2,0
S1908,species_restricted_core,0,3,3,3,1,1,0,0,0
S1910,species_restricted_core,0,1,1,3,3,1,0,0,0
S1913,accessory,0,3,0,0,0,0,1,3,0
S1916,accessory,0,2,2,0,0,2,0,0,0
S1917,accessory,0,2,2,0,0,2,0,0,0
S1918,accessory,0,2,2,0,0,2,0,0,0
S1919,accessory,0,2,2,0,0,2,0,0,0
S1924,accessory,0,0,1,1,0,0,1,1,0
S1937,accessory,0,0,3,0,0,0,0,0,0
S1946,species_restricted_core,2,0,0,2,2,2,2,0,2
S1947,species_restricted_core,2,0,0,2,2,2,2,2,2
S1948,species_restricted_core,2,0,0,2,2,2,2,2,2
S1959,species_restricted_core,1,1,0,1,3,1,0,0,0
S1960,accessory,2,1,0,0,0,0,0,0,0
S1961,accessory,2,1,0,0,0,0,0,0,0
S1962,accessory,2,2,0,2,2,0,0,0,0
S1963,accessory,2,2,0,2,2,0,0,0,0
S1964,accessory,2,2,0,2,2,0,0,0,0
S1965,accessory,2,2,0,2,2,0,0,0,0
S1983,accessory,0,0,0,0,0,3,0,0,0
S1991,accessory,0,0,0,0,0,0,2,0,0
S1992,accessory,0,2,2,0,0,2,0,0,0
S1995,species_restricted_core,0,1,1,3,1,1,0,0,0
S1998,species_restricted_core,0,1,1,1,1,1,1,1,3
S1999,species_restricted_core,0,1,1,3,1,1,0,0,0
S2001,species_restricted_core,2,0,0,2,2,2,2,1,2
S2003,species_restricted_core,0,3,3,3,1,1,0,0,0
S2004,species_restricted_core,0,3,1,3,3,1,0,0,0
S2006,accessory,3,0,0,0,0,0,0,0,0
S2012,accessory,3,0,0,0,0,1,0,0,0
S2014,species_restricted_core,2,0,0,2,2,2,2,1,2
S2018,species_restricted_core,1,0,0,0,0,0,2,1,1
S2023,species_restricted_core,0,0,2,2,2,2,1,2,1
S2030,accessory,0,0,0,3,1,1,0,0,1
S2032,accessory,0,0,0,0,0,0,2,0,0
S2033,accessory,0,3,0,3,0,0,0,0,0
S2034,accessory,2,2,0,2,2,0,0,0,0
S2036,accessory,0,3,3,0,0,0,0,0,0
S2037,accessory,0,0,0,0,3,0,0,0,0
S2038,species_restricted_core,0,3,1,3,1,1,0,0,0
S2039,species_restricted_core,2,0,1,2,2,2,0,0,0
S2040,species_restricted_core,1,0,1,1,1,1,1,1,3
S2056,genus_core,1,1,1,1,1,1,1,1,3
S2058,species_restricted_core,0,1,1,3,3,1,0,0,0
S2061,accessory,0,0,3,3,2,0,0,0,0
S2062,accessory,2,0,0,0,0,0,0,0,0
S2064,accessory,1,2,0,1,0,0,0,0,0
S2066,accessory,0,2,0,1,0,1,0,0,0
S2068,accessory,0,0,1,0,3,1,0,1,0
S2073,accessory,0,2,0,0,0,0,2,0,0
S2074,accessory,0,0,0,0,0,0,2,0,0
S2077,genus_core,1,1,1,1,1,1,2,1,1
S2079,accessory,0,2,0,0,0,0,0,0,0
S2083,accessory,0,2,0,0,0,0,0,0,0
S2085,accessory,0,2,0,1,0,1,0,0,0
S2089,accessory,0,2,0,0,0,0,2,0,0
S2091,accessory,0,2,0,1,0,1,0,0,0
S2093,accessory,0,0,0,0,0,0,2,0,0
S2100,accessory,0,0,0,2,0,1,0,0,0
S2101,accessory,0,1,1,2,2,2,1,2,0
S2109,accessory,0,0,1,0,1,1,2,1,1
S2110,accessory,0,0,0,0,0,0,2,0,0
S2111,accessory,0,2,0,1,0,0,0,0,0
S2113,accessory,0,0,1,1,1,0,0,0,2
S2116,accessory,0,1,0,1,3,1,0,0,0
S2121,accessory,0,0,0,0,0,0,0,0,3
S2122,accessory,0,0,0,1,1,0,0,0,2
S2123,accessory,1,0,0,0,0,1,3,0,0
S2129,accessory,0,2,0,0,0,0,0,0,0
S2133,species_restricted_core,0,3,3,3,1,3,0,0,0
S2136,accessory,0,0,1,2,1,1,0,0,0
S2137,accessory,1,0,1,0,0,0,0,2,2
S2138,accessory,0,0,1,1,1,0,0,1,2
S2139,accessory,1,0,1,2,1,0,0,0,0
S2140,accessory,1,0,1,1,1,0,0,2,2
S2142,accessory,1,0,1,2,0,1,0,1,2
S2146,accessory,0,2,0,0,0,1,0,0,0
S2151,accessory,0,0,0,0,0,0,3,0,0
S2161,accessory,0,0,0,0,0,0,0,0,2
S2174,species_restricted_core,1,0,0,2,1,1,0,0,0
S2176,accessory,2,0,0,0,0,0,0,0,0
S2184,accessory,3,0,0,0,0,0,1,0,0
S2186,accessory,3,0,0,0,0,0,0,0,0
S2187,accessory,3,0,0,1,2,1,0,1,0
S2188,accessory,2,0,0,0,2,0,0,0,0
S2189,accessory,2,0,0,0,2,0,0,0,0
S2190,accessory,2,0,0,0,1,0,0,0,0
S2193,accessory,0,3,0,0,0,0,0,0,0
S2199,accessory,0,0,0,1,3,0,0,1,3
S2210,accessory,0,0,0,0,0,0,2,0,0
S2211,accessory,0,0,0,0,1,2,1,0,0
S2212,accessory,0,0,0,2,0,1,0,0,0
S2214,accessory,0,1,0,1,0,2,0,0,0
S2216,accessory,0,0,0,2,0,0,1,0,0
S2227,accessory,0,0,0,0,3,0,0,0,0
S2229,accessory,0,0,0,3,0,0,0,0,0
S2230,genus_core,1,1,1,3,3,1,1,1,1
S2240,accessory,0,0,0,2,1,0,0,0,1
S2242,accessory,0,0,0,1,3,1,0,0,1
S2243,accessory,0,0,0,1,3,1,0,0,0
S2244,accessory,0,0,0,0,1,2,0,0,1
S2246,accessory,0,0,0,3,0,0,0,0,0
S2253,species_restricted_core,0,1,0,3,1,3,1,1,1
S2265,accessory,0,2,0,0,1,0,0,0,0
S2269,accessory,0,1,0,0,0,2,0,0,0
S2270,accessory,0,1,0,0,0,2,0,0,0
S2271,accessory,0,1,0,1,1,2,2,0,0
S2273,accessory,0,2,0,0,0,0,0,0,0
S2274,accessory,0,2,0,0,0,0,2,0,0
S2275,accessory,0,2,0,0,0,0,0,0,0
S2276,accessory,0,2,0,0,0,0,2,0,0
S2277,accessory,0,2,0,0,0,0,2,0,0
S2278,accessory,0,2,0,0,0,0,2,0,0
S2279,accessory,0,2,0,0,0,0,2,0,0
S2280,accessory,0,2,0,0,0,0,2,0,0
S2282,accessory,0,2,0,0,0,0,2,0,0
S2286,accessory,0,0,0,0,1,2,0,0,0
S2290,accessory,0,0,0,0,0,2,0,0,0
S2294,accessory,0,1,0,0,0,2,0,0,0
S2296,accessory,0,2,0,1,0,0,0,0,0
S2303,accessory,0,0,0,0,0,2,0,0,0
S2335,species_restricted_core,0,0,0,2,1,1,2,1,1
S2336,species_restricted_core,0,0,0,2,1,2,1,1,1
S2342,accessory,0,0,0,0,0,2,0,0,0
S2344,accessory,0,0,0,0,0,0,2,0,0
S2346,accessory,0,0,0,0,1,2,0,0,0
S2347,accessory,0,0,0,0,0,0,0,0,2
S2368,accessory,0,0,0,0,1,0,1,2,3
S2369,accessory,0,0,0,0,1,0,1,1,3
S2387,accessory,0,2,0,0,0,0,0,0,0
S2395,accessory,0,0,1,0,0,1,0,2,0
S2400,accessory,0,0,0,0,0,2,0,0,0
S2403,accessory,0,2,0,0,0,0,0,0,0
S2420,accessory,0,2,0,1,0,0,0,0,0
S2435,species_restricted_core,0,0,0,2,1,1,1,1,1
S2436,species_restricted_core,0,0,0,3,3,3,1,1,3
S2437,genus_core,2,1,2,2,2,1,1,1,2
S2438,species_restricted_core,0,0,0,2,2,2,2,2,2
S2439,species_restricted_core,0,0,0,2,2,2,2,2,2
S2440,species_restricted_core,0,0,0,2,2,1,0,2,2
S2441,species_restricted_core,0,0,0,1,1,1,2,1,1
S2443,species_restricted_core,0,0,0,1,2,1,0,2,2
S2444,species_restricted_core,0,0,0,1,1,2,2,1,1
S2445,species_restricted_core,0,0,0,2,2,1,2,2,2
S2447,species_restricted_core,0,0,0,2,2,1,0,2,2
S2449,species_restricted_core,0,0,0,1,3,3,1,1,3
S2450,species_restricted_core,0,0,0,1,3,3,1,1,3
S2451,species_restricted_core,0,0,0,2,2,2,1,0,1
S2452,species_restricted_core,0,0,0,2,2,2,2,0,0
S2453,species_restricted_core,0,0,0,3,1,3,0,0,0
S2454,species_restricted_core,0,0,0,2,2,2,2,2,2
S2455,species_restricted_core,0,0,0,2,2,2,2,2,2
S2456,species_restricted_core,0,0,0,2,2,2,2,2,2
S2458,species_restricted_core,0,0,0,2,2,2,1,1,3
S2459,species_restricted_core,0,0,0,1,3,3,3,1,1
S2461,species_restricted_core,0,0,0,2,2,2,1,0,0
S2462,species_restricted_core,0,0,0,2,2,2,2,1,2
S2463,species_restricted_core,0,0,0,2,2,2,1,0,2
S2464,species_restricted_core,0,0,0,2,2,2,1,0,0
S2466,species_restricted_core,0,0,0,1,1,1,1,1,2
S2467,species_restricted_core,0,0,0,3,3,3,1,1,3
S2470,species_restricted_core,0,0,0,2,2,2,2,2,1
S2475,accessory,0,0,0,0,2,0,0,2,1
S2476,species_restricted_core,0,0,0,2,1,0,1,1,1
S2477,accessory,0,0,0,0,1,0,0,0,2
S2481,accessory,0,0,0,3,0,0,0,0,0
S2482,accessory,0,0,0,3,0,0,0,0,0
S2484,accessory,0,0,0,0,0,2,0,1,3
S2485,accessory,0,0,0,0,0,1,0,1,3
S2486,accessory,0,0,0,0,0,1,0,1,3
S2488,species_restricted_core,0,0,0,1,1,3,2,1,1
S2490,accessory,0,0,0,2,0,2,0,0,2
S2491,accessory,0,0,0,1,2,1,0,0,1
S2493,accessory,0,0,0,0,3,0,3,1,0
S2500,accessory,0,0,0,1,2,1,0,0,0
S2501,accessory,0,0,0,2,2,0,1,0,1
S2503,accessory,0,0,0,1,0,1,3,0,1
S2506,accessory,0,0,0,1,0,1,3,0,1
S2511,accessory,0,0,0,0,2,2,0,0,0
S2512,species_restricted_core,0,0,0,1,1,3,1,1,1
S2516,accessory,0,0,0,3,0,1,1,1,1
S2519,accessory,0,0,0,0,2,2,1,1,0
S2523,accessory,0,1,0,0,0,2,2,0,0
S2526,accessory,0,0,0,0,2,0,0,0,1
S2528,accessory,0,0,0,0,0,0,0,0,2
S2538,accessory,0,0,0,3,0,0,0,0,0
S2539,accessory,0,0,0,3,0,0,0,0,0
S2542,accessory,0,0,0,0,0,3,0,0,0
S2544,accessory,0,0,0,0,0,2,0,0,0
S2545,accessory,0,0,0,0,2,0,0,0,1
S2548,accessory,3,3,0,1,1,0,0,0,0
S2551,accessory,0,0,0,0,0,2,0,0,0
S2552,accessory,0,0,0,0,0,0,2,0,0
S2561,accessory,0,0,0,0,0,2,0,0,0
S2586,accessory,0,0,0,0,0,0,0,0,2
S2587,accessory,0,0,0,0,0,0,0,0,2
S2588,accessory,0,0,0,0,0,0,0,0,2
S2591,accessory,0,0,0,0,0,0,1,0,2
S2594,accessory,0,0,0,0,0,0,0,2,0
S2600,accessory,0,0,0,0,0,3,0,0,0
S2604,accessory,0,0,0,0,2,0,0,2,0
S2605,accessory,0,0,0,0,2,0,0,2,0
S2606,accessory,0,0,0,0,2,0,0,2,0
S2607,accessory,0,0,0,0,3,0,0,1,0
S2627,accessory,0,0,0,0,0,0,2,0,0
S2629,accessory,0,0,0,0,0,0,2,0,0
S2631,accessory,0,0,0,0,0,0,2,0,0
S2639,accessory,0,0,0,0,0,0,0,0,2
S2642,accessory,0,0,0,0,0,0,0,0,2
S2643,accessory,0,0,0,0,0,0,2,0,0
S2646,accessory,0,0,0,0,0,0,0,0,2
S2647,accessory,0,0,0,0,0,0,2,0,0
S2648,accessory,0,0,0,0,0,0,2,0,0
S2671,accessory,0,0,0,0,0,0,0,0,2
S2703,accessory,0,0,0,0,0,0,0,2,0
S2708,accessory,0,0,0,0,0,0,3,0,0
S2723,accessory,0,0,0,0,0,3,0,1,0
S2725,accessory,0,0,0,0,1,0,3,0,0
S2726,accessory,0,0,0,0,1,0,3,0,0
S2727,accessory,0,0,0,0,1,0,3,0,0
S2728,accessory,0,0,0,0,1,0,3,0,0
S2744,accessory,0,0,0,1,0,0,0,3,0
S2745,accessory,0,0,0,1,0,0,0,3,0
S2770,accessory,0,0,0,2,0,0,0,0,0
S2773,accessory,0,0,0,2,0,0,0,0,0
S2774,accessory,0,0,0,2,0,0,0,0,0
S2776,accessory,0,0,0,3,0,0,0,1,0
S2780,accessory,0,0,0,0,0,3,0,0,0
S2790,accessory,0,0,0,0,0,0,0,0,2
S2791,accessory,0,0,0,0,0,0,0,1,2
S2801,accessory,0,0,0,0,1,0,0,0,2
S2802,accessory,0,0,0,0,3,0,0,0,1
S2803,accessory,0,0,0,0,3,0,0,0,1
S2805,accessory,0,0,0,0,1,0,0,0,2
S2806,accessory,0,0,0,0,1,0,0,0,2
S2812,accessory,0,0,0,0,0,0,0,0,2
S2825,accessory,0,0,0,0,0,2,2,0,0
S2826,accessory,0,0,0,0,0,2,0,0,0
S2827,accessory,0,0,0,0,0,2,0,0,0
S2845,accessory,0,0,0,0,0,0,0,0,2
S2847,accessory,0,0,0,0,1,0,0,2,0
S2848,accessory,0,0,0,0,0,0,0,0,2
S2855,accessory,0,0,0,0,0,1,3,0,0
S2860,accessory,0,0,0,0,2,0,0,0,2
S2864,accessory,0,0,0,0,0,3,0,0,0
S2871,accessory,0,0,0,0,0,2,0,0,2
S2876,accessory,0,0,0,0,0,2,0,0,0
S2878,accessory,0,0,0,2,0,0,0,0,0
S2880,accessory,0,0,0,0,0,1,0,0,2
S2883,accessory,0,0,0,0,0,0,0,0,2
S2893,accessory,0,0,0,0,0,2,0,0,0
S2895,accessory,0,0,0,0,0,0,0,0,2
S2906,accessory,0,0,0,0,3,0,0,0,0
S2909,accessory,0,0,0,0,0,0,0,0,2
S2925,accessory,0,0,0,2,0,0,0,0,0
S2928,accessory,0,0,0,0,1,0,0,0,2
S2933,accessory,0,0,0,0,1,0,0,0,2
S2937,accessory,0,0,0,0,0,2,0,0,0
S2942,accessory,0,0,0,0,1,2,0,0,0
S2943,accessory,0,0,0,0,0,0,1,1,2
S2945,species_restricted_core,3,3,3,0,0,0,1,1,2
S2947,species_restricted_core,3,1,1,0,0,0,1,1,1
S2949,species_restricted_core,3,3,3,0,0,0,3,1,3
S2950,species_restricted_core,2,1,1,0,0,0,2,1,1
S2951,species_restricted_core,1,1,1,0,0,0,1,1,3
S2952,species_restricted_core,1,1,2,0,0,0,1,1,3
S2956,species_restricted_core,1,3,3,0,0,0,2,1,3
S2957,species_restricted_core,3,3,3,0,0,0,3,3,3
S2958,species_restricted_core,1,1,1,0,0,0,3,1,1
S2959,species_restricted_core,1,3,3,0,0,0,1,1,1
S2960,species_restricted_core,1,2,2,0,0,0,2,2,2
S2961,species_restricted_core,2,2,2,0,0,0,1,2,2
S2962,species_restricted_core,2,1,2,0,0,0,2,2,2
S2963,species_restricted_core,2,1,2,0,0,0,2,1,2
S2966,species_restricted_core,1,1,1,0,0,0,2,1,2
S2967,species_restricted_core,3,3,3,0,0,0,3,1,3
S2968,species_restricted_core,1,3,3,0,0,0,1,1,3
S2969,species_restricted_core,2,1,2,0,0,0,1,1,1
S2973,species_restricted_core,0,1,0,0,0,0,2,1,1
S2974,species_restricted_core,1,1,2,0,0,0,1,1,1
S2975,species_restricted_core,1,2,1,0,0,0,2,1,1
S2976,species_restricted_core,1,2,2,0,0,0,1,1,3
S2983,accessory,0,1,3,0,0,0,3,0,0
S2991,species_restricted_core,1,1,1,0,0,0,2,0,1
S2994,species_restricted_core,1,1,2,0,0,0,0,0,0
S2996,species_restricted_core,1,2,1,0,0,0,1,0,0
S2997,species_restricted_core,1,1,1,0,0,0,2,0,0
S2998,species_restricted_core,2,1,2,0,0,0,2,2,0
S3000,species_restricted_core,1,1,2,0,0,0,1,1,3
S3004,species_restricted_core,1,1,3,0,0,0,1,1,1
S3005,species_restricted_core,2,1,2,0,0,0,0,0,3
S3006,species_restricted_core,2,1,2,0,0,0,0,0,0
S3007,species_restricted_core,2,1,2,0,0,0,0,0,0
S3008,accessory,0,0,0,0,0,0,0,1,2
S3021,species_restricted_core,2,1,2,0,0,0,0,0,0
S3029,accessory,2,0,0,0,0,0,0,0,0
S3032,species_restricted_core,1,1,3,0,0,0,1,0,0
S3044,species_restricted_core,1,2,2,0,0,0,0,0,3
S3045,accessory,0,0,0,0,0,0,0,0,2
S3052,species_restricted_core,2,2,2,0,0,0,0,0,0
S3072,species_restricted_core,2,1,2,0,0,0,0,0,0
S3073,species_restricted_core,2,1,2,0,0,0,0,0,0
S3074,accessory,0,0,0,0,0,0,0,0,2
S3075,species_restricted_core,3,1,1,0,0,0,0,0,0
S3083,accessory,0,0,0,0,0,0,2,0,2
Sc0000,accessory,0,2,1,0,0,0,0,0,0
Sc0001,accessory,0,2,0,0,0,0,0,0,0
Sc0002,species_restricted_core,1,2,1,0,0,0,0,0,0
Sc0003,species_restricted_core,3,1,1,0,0,0,0,0,0
Sc0015,species_restricted_core,1,1,2,0,0,0,0,0,0
Sc0025,species_restricted_core,2,1,2,0,0,0,0,0,0
Sc0028,species_restricted_core,3,1,3,0,0,0,0,0,0
Sc0035,accessory,0,2,1,0,0,0,0,0,0
Sc0036,species_restricted_core,3,2,1,0,0,0,0,0,0
Sc0041,species_restricted_core,3,1,1,0,0,0,0,0,0
Sc0045,accessory,3,0,0,0,0,0,0,0,0
Sc0046,species_restricted_core,1,1,2,0,0,0,0,0,0
Sc0048,accessory,0,3,0,0,0,0,0,0,0
Sc0050,species_restricted_core,2,2,2,0,0,0,0,0,0
Sc0051,species_restricted_core,2,2,1,0,0,0,0,0,0
Sc0061,species_restricted_core,3,1,1,0,0,0,0,0,0
Sc0065,accessory,0,3,0,0,0,0,0,0,0
Sc0067,species_restricted_core,3,3,3,0,0,0,0,0,0
Sc0068,species_restricted_core,2,1,2,0,0,0,0,0,0
Sc0069,species_restricted_core,3,1,1,0,0,0,0,0,0
Sc0071,species_restricted_core,2,1,2,0,0,0,0,0,0
Sc0080,species_restricted_core,3,3,3,0,0,0,0,0,0
Sc0081,species_restricted_core,3,1,3,0,0,0,0,0,0
Sc0084,accessory,0,0,3,0,0,0,0,0,0
Sc0090,species_restricted_core,2,2,2,0,0,0,0,0,0
Sc0094,species_restricted_core,1,1,2,0,0,0,0,0,0
Sc0104,accessory,2,0,0,0,0,0,0,0,0
Sc0109,species_restricted_core,3,1,1,0,0,0,0,0,0
Sc0111,species_restricted_core,1,2,1,0,0,0,0,0,0
Sc0117,species_restricted_core,1,2,2,0,0,0,0,0,0
Sc0121,accessory,0,0,3,0,0,0,0,0,0
Sc0132,species_restricted_core,1,1,2,0,0,0,0,0,0
Sc0134,species_restricted_core,1,1,2,0,0,0,0,0,0
Sc0138,accessory,0,2,0,0,0,0,0,0,0
Sc0142,species_restricted_core,1,1,2,0,0,0,0,0,0
Sc0149,accessory,3,0,1,0,0,0,0,0,0
Sc0155,species_restricted_core,2,1,2,0,0,0,0,0,0
Sc0156,species_restricted_core,3,1,1,0,0,0,0,0,0
Sc0157,species_restricted_core,2,1,1,0,0,0,0,0,0
Sc0159,species_restricted_core,2,2,2,0,0,0,0,0,0
Sc0162,species_restricted_core,2,1,2,0,0,0,0,0,0
Sc0178,species_restricted_core,2,1,1,0,0,0,0,0,0
Sc0187,species_restricted_core,2,1,3,0,0,0,0,0,0
Sc0192,species_restricted_core,1,2,1,0,0,0,0,0,0
Sc0206,species_restricted_core,1,1,2,0,0,0,0,0,0
Sc0214,accessory,1,3,0,0,0,0,0,0,0
Sc0217,species_restricted_core,3,3,1,0,0,0,0,0,0
Sc0218,accessory,2,0,0,0,0,0,0,0,0
Sc0230,species_restricted_core,1,1,3,0,0,0,0,0,0
Sc0239,species_restricted_core,2,3,3,0,0,0,0,0,0
Sc0264,species_restricted_core,2,1,2,0,0,0,0,0,0
Sc0267,species_restricted_core,3,1,1,0,0,0,0,0,0
Sc0272,species_restricted_core,3,1,3,0,0,0,0,0,0
Sc0275,accessory,0,2,0,0,0,0,0,0,0
Sc0283,accessory,0,2,0,0,0,0,0,0,0
Sc0284,species_restricted_core,2,2,2,0,0,0,0,0,0
Sc0285,species_restricted_core,2,2,2,0,0,0,0,0,0
Sc0286,species_restricted_core,1,2,1,0,0,0,0,0,0
Sc0288,accessory,2,0,0,0,0,0,0,0,0
Sc0296,species_restricted_core,1,1,3,0,0,0,0,0,0
Sc0297,species_restricted_core,1,1,2,0,0,0,0,0,0
Sc0301,accessory,0,2,0,0,0,0,0,0,0
Sc0302,accessory,0,3,0,0,0,0,0,0,0
Sc0313,accessory,1,3,0,0,0,0,0,0,0
Sc0317,species_restricted_core,1,3,3,0,0,0,0,0,0
Sc0318,species_restricted_core,1,2,1,0,0,0,0,0,0
Sc0330,species_restricted_core,2,1,1,0,0,0,0,0,0
Sc0337,species_restricted_core,2,2,2,0,0,0,0,0,0
Sc0338,species_restricted_core,3,1,1,0,0,0,0,0,0
Sc0339,species_restricted_core,1,2,2,0,0,0,0,0,0
Sc0347,species_restricted_core,3,1,3,0,0,0,0,0,0
Sc0350,accessory,0,2,1,0,0,0,0,0,0
Sc0353,species_restricted_core,2,1,1,0,0,0,0,0,0
Sc0357,accessory,0,2,0,0,0,0,0,0,0
Sc0365,accessory,3,0,0,0,0,0,0,0,0
Sc0373,accessory,2,0,0,0,0,0,0,0,0
Sc0375,species_restricted_core,3,1,3,0,0,0,0,0,0
Sc0376,species_restricted_core,2,1,1,0,0,0,0,0,0
Sc0379,species_restricted_core,1,1,2,0,0,0,0,0,0
Sc0380,species_restricted_core,2,2,2,0,0,0,0,0,0
Sc0381,species_restricted_core,2,2,2,0,0,0,0,0,0
Sc0384,species_restricted_core,2,2,2,0,0,0,0,0,0
Sc0389,species_restricted_core,2,1,2,0,0,0,0,0,0
Sc0393,species_restricted_core,1,3,3,0,0,0,0,0,0
Sc0395,accessory,0,3,0,0,0,0,0,0,0
Sc0399,species_restricted_core,1,2,2,0,0,0,0,0,0
Sc0414,species_restricted_core,3,1,1,0,0,0,0,0,0
Sc0417,species_restricted_core,1,1,3,0,0,0,0,0,0
Sc0419,species_restricted_core,3,2,2,0,0,0,0,0,0
Sc0425,species_restricted_core,2,2,2,0,0,0,0,0,0
Sc0426,accessory,0,3,0,0,0,0,0,0,0
Sc0427,accessory,0,0,3,0,0,0,0,0,0
Sc0432,species_restricted_core,2,2,2,0,0,0,0,0,0
Sc0441,species_restricted_core,2,2,2,0,0,0,0,0,0
Sc0459,accessory,2,0,0,0,0,0,0,0,0
Sc0463,species_restricted_core,1,1,2,0,0,0,0,0,0
Sc0466,species_restricted_core,1,3,2,0,0,0,0,0,0
Sc0472,species_restricted_core,1,3,1,0,0,0,0,0,0
Sc0473,species_restricted_core,2,2,2,0,0,0,0,0,0
Sc0479,species_restricted_core,2,2,2,0,0,0,0,0,0
Sc0488,species_restricted_core,2,1,1,0,0,0,0,0,0
Sc0489,species_restricted_core,1,1,2,0,0,0,0,0,0
Sc0490,accessory,0,0,3,0,0,0,0,0,0
Sc0495,species_restricted_core,1,2,1,0,0,0,0,0,0
Sc0498,accessory,0,2,0,0,0,0,0,0,0
Sc0501,species_restricted_core,3,1,3,0,0,0,0,0,0
Sc0504,species_restricted_core,2,2,2,0,0,0,0,0,0
Sc0511,species_restricted_core,1,1,2,0,0,0,0,0,0
Sc0513,species_restricted_core,1,1,2,0,0,0,0,0,0
Sc0516,species_restricted_core,2,1,2,0,0,0,0,0,0
Sc0519,species_restricted_core,2,1,1,0,0,0,0,0,0
Sc0523,accessory,0,3,1,0,0,0,0,0,0
Sc0527,accessory,0,2,0,0,0,0,0,0,0
Sc0531,species_restricted_core,1,2,2,0,0,0,0,0,0
Sc0532,species_restricted_core,3,1,1,0,0,0,0,0,0
Sc0535,species_restricted_core,2,2,2,0,0,0,0,0,0
Sc0536,species_restricted_core,1,3,3,0,0,0,0,0,0
Sc0542,species_restricted_core,3,1,3,0,0,0,0,0,0
Sc0543,species_restricted_core,2,1,2,0,0,0,0,0,0
Sc0545,accessory,0,3,0,0,0,0,0,0,0
Sc0549,accessory,2,0,0,0,0,0,0,0,0
Sc0550,species_restricted_core,1,2,1,0,0,0,0,0,0
Sc0551,species_restricted_core,2,1,2,0,0,0,0,0,0
Sc0557,species_restricted_core,1,2,1,0,0,0,0,0,0
Sc0560,species_restricted_core,1,2,2,0,0,0,0,0,0
Sc0561,accessory,0,2,0,0,0,0,0,0,0
Sc0562,species_restricted_core,2,1,1,0,0,0,0,0,0
Sc0574,species_restricted_core,2,1,1,0,0,0,0,0,0
Sc0581,species_restricted_core,1,1,2,0,0,0,0,0,0
Sc0582,species_restricted_core,2,2,2,0,0,0,0,0,0
Sc0585,accessory,0,2,0,0,0,0,0,0,0
Sc0587,species_restricted_core,2,2,2,0,0,0,0,0,0
Se0008,accessory,0,0,0,0,0,2,0,0,0
Se0019,accessory,0,0,0,2,0,2,0,0,0
Se0024,accessory,0,0,0,0,0,2,0,0,0
Se0030,accessory,0,0,0,0,3,0,0,0,0
Se0041,accessory,0,0,0,0,3,3,0,0,0
Se0058,accessory,0,0,0,1,3,1,0,0,0
Se0059,accessory,0,0,0,3,3,3,0,0,0
Se0071,accessory,0,0,0,2,0,0,0,0,0
Se0076,accessory,0,0,0,0,2,0,0,0,0
Se0087,accessory,0,0,0,0,2,0,0,0,0
Se0141,accessory,0,0,0,3,0,0,0,0,0
Se0145,accessory,0,0,0,1,1,2,0,0,0
Se0154,accessory,0,0,0,2,0,0,0,0,0
Se0164,accessory,0,0,0,0,2,0,0,0,0
Se0176,accessory,0,0,0,2,0,1,0,0,0
Se0182,accessory,0,0,0,3,1,0,0,0,0
Se0188,accessory,0,0,0,0,0,3,0,0,0
Se0190,accessory,0,0,0,2,2,0,0,0,0
Se0200,accessory,0,0,0,0,1,2,0,0,0
Se0208,accessory,0,0,0,3,0,0,0,0,0
Se0211,species_restricted_core,0,0,0,2,2,2,0,0,0
Se0222,accessory,0,0,0,0,3,2,0,0,0
Se0228,accessory,0,0,0,0,0,2,0,0,0
Se0256,accessory,0,0,0,3,1,0,0,0,0
Se0278,species_restricted_core,0,0,0,3,3,1,0,0,0
Se0284,accessory,0,0,0,0,0,3,0,0,0
Se0286,accessory,0,0,0,0,0,3,0,0,0
Se0315,species_restricted_core,0,0,0,1,1,2,0,0,0
Se0319,species_restricted_core,0,0,0,1,2,1,0,0,0
Se0325,accessory,0,0,0,0,3,0,0,0,0
Se0334,species_restricted_core,0,0,0,3,3,1,0,0,0
Se0349,accessory,0,0,0,3,0,0,0,0,0
Se0355,accessory,0,0,0,0,2,0,0,0,0
Se0363,accessory,0,0,0,0,0,2,0,0,0
Se0368,accessory,0,0,0,0,3,0,0,0,0
Se0377,accessory,0,0,0,0,3,0,0,0,0
Se0378,species_restricted_core,0,0,0,2,1,1,0,0,0
Se0391,accessory,0,0,0,1,3,2,0,0,0
Se0396,accessory,0,0,0,0,0,3,0,0,0
Se0397,accessory,0,0,0,3,1,0,0,0,0
Se0404,accessory,0,0,0,0,0,2,0,0,0
Se0414,species_restricted_core,0,0,0,3,1,1,0,0,0
Se0420,accessory,0,0,0,2,0,0,0,0,0
Se0428,accessory,0,0,0,0,3,0,0,0,0
Se0448,accessory,0,0,0,0,0,3,0,0,0
Se0449,species_restricted_core,0,0,0,2,2,2,0,0,0
Se0452,species_restricted_core,0,0,0,2,1,1,0,0,0
Se0459,accessory,0,0,0,0,3,0,0,0,0
Se0468,accessory,0,0,0,0,0,3,0,0,0
Se0472,species_restricted_core,0,0,0,2,2,2,0,0,0
Se0481,accessory,0,0,0,0,0,2,0,0,0
Se0483,species_restricted_core,0,0,0,3,1,1,0,0,0
Se0515,accessory,0,0,0,0,0,3,0,0,0
Se0518,accessory,0,0,0,3,0,0,0,0,0
Se0520,species_restricted_core,0,0,0,2,2,2,0,0,0
Se0526,accessory,0,0,0,0,2,0,0,0,0
Se0532,accessory,0,0,0,3,1,0,0,0,0
Se0538,species_restricted_core,0,0,0,2,2,1,0,0,0
Se0561,accessory,0,0,0,3,1,0,0,0,0
Se0562,accessory,0,0,0,0,0,3,0,0,0
Se0567,accessory,0,0,0,0,3,0,0,0,0
Se0574,accessory,0,0,0,0,0,2,0,0,0
Se0591,accessory,0,0,0,1,2,1,0,0,0
Se0597,accessory,0,0,0,3,0,0,0,0,0
Se0609,species_restricted_core,0,0,0,2,1,1,0,0,0
Se0614,species_restricted_core,0,0,0,3,1,3,0,0,0
Se0630,species_restricted_core,0,0,0,3,1,3,0,0,0
Se0659,accessory,0,0,0,0,0,2,0,0,0
Se0666,accessory,0,0,0,0,0,3,0,0,0
Se0676,accessory,0,0,0,0,0,3,0,0,0
Se0689,accessory,0,0,0,0,0,2,0,0,0
Se0693,accessory,0,0,0,3,1,3,0,0,0
Se0701,accessory,0,0,0,0,0,2,0,0,0
Se0705,accessory,0,0,0,2,0,0,0,0,0
Se0735,accessory,0,0,0,0,3,0,0,0,0
Se0750,accessory,0,0,0,0,0,2,0,0,0
Se0756,accessory,0,0,0,1,2,2,0,0,0
Se0765,accessory,0,0,0,3,1,0,0,0,0
Se0770,accessory,0,0,0,3,3,1,0,0,0
Se0795,species_restricted_core,0,0,0,2,1,1,0,0,0
Se0818,species_restricted_core,0,0,0,2,1,1,0,0,0
Se0826,accessory,0,0,0,0,0,2,0,0,0
Se0840,species_restricted_core,0,0,0,3,1,1,0,0,0
Se0847,accessory,0,0,0,0,0,2,0,0,0
Se0875,accessory,0,0,0,0,0,2,0,0,0
Se0881,species_restricted_core,0,0,0,1,1,3,0,0,0
Se0895,accessory,0,0,0,0,3,0,0,0,0
Se0897,accessory,0,0,0,3,0,0,0,0,0
Se0936,accessory,0,0,0,2,0,2,0,0,0
Se0938,accessory,0,0,0,0,2,0,0,0,0
Se0958,species_restricted_core,0,0,0,1,1,2,0,0,0
Se0959,species_restricted_core,0,0,0,2,2,2,0,0,0
Se0964,accessory,0,0,0,2,2,0,0,0,0
Se0967,accessory,0,0,0,2,0,0,0,0,0
Se0970,accessory,0,0,0,3,0,0,0,0,0
Se0974,accessory,0,0,0,0,0,3,0,0,0
Se0976,accessory,0,0,0,0,0,2,0,0,0
Se0987,accessory,0,0,0,2,1,0,0,0,0
Se0989,accessory,0,0,0,0,3,0,0,0,0
Se0995,accessory,0,0,0,0,0,3,0,0,0
Se1004,accessory,0,0,0,0,2,0,0,0,0
Se1011,species_restricted_core,0,0,0,2,1,1,0,0,0
Se1039,accessory,0,0,0,3,3,1,0,0,0
Se1064,species_restricted_core,0,0,0,2,2,2,0,0,0
Se1097,accessory,0,0,0,0,1,3,0,0,0
Se1107,species_restricted_core,0,0,0,2,2,2,0,0,0
Se1108,accessory,0,0,0,0,0,2,0,0,0
Se1113,accessory,0,0,0,2,1,0,0,0,0
Se1115,accessory,0,0,0,3,0,0,0,0,0
Se1116,accessory,0,0,0,0,0,2,0,0,0
Se1121,accessory,0,0,0,3,3,0,0,0,0
Se1126,accessory,0,0,0,2,0,0,0,0,0
Se1138,accessory,0,0,0,0,0,3,0,0,0
Se1159,accessory,0,0,0,0,0,2,0,0,0
Se1165,accessory,0,0,0,0,0,2,0,0,0
Se1175,accessory,0,0,0,0,0,3,0,0,0
Se1177,accessory,0,0,0,0,1,2,0,0,0
Se1184,species_restricted_core,0,0,0,2,1,1,0,0,0
Se1186,accessory,0,0,0,0,1,2,0,0,0
Se1211,accessory,0,0,0,0,0,3,0,0,0
Se1212,accessory,0,0,0,0,0,3,0,0,0
Se1220,accessory,0,0,0,0,3,0,0,0,0
Se1231,accessory,0,0,0,2,1,2,0,0,0
Se1260,accessory,0,0,0,0,0,3,0,0,0
Se1267,accessory,0,0,0,0,0,3,0,0,0
Se1300,accessory,0,0,0,2,0,0,0,0,0
Se1307,accessory,0,0,0,3,0,0,0,0,0
Se1308,species_restricted_core,0,0,0,2,2,2,0,0,0
Se1309,accessory,0,0,0,3,1,3,0,0,0
Se1310,accessory,0,0,0,0,3,0,0,0,0
Se1312,accessory,0,0,0,0,0,3,0,0,0
Se1315,species_restricted_core,0,0,0,3,3,3,0,0,0
Se1319,species_restricted_core,0,0,0,2,2,2,0,0,0
Se1322,accessory,0,0,0,3,0,0,0,0,0
Se1329,accessory,0,0,0,2,1,1,0,0,0
Se1366,accessory,0,0,0,2,0,0,0,0,0
Se1371,species_restricted_core,0,0,0,2,1,1,0,0,0
Se1377,accessory,0,0,0,2,0,0,0,0,0
Se1388,accessory,0,0,0,1,2,0,0,0,0
Se1409,accessory,0,0,0,3,0,0,0,0,0
Se1413,species_restricted_core,0,0,0,1,1,2,0,0,0
Se1417,accessory,0,0,0,3,0,0,0,0,0
Se1434,accessory,0,0,0,0,0,2,0,0,0
Se1446,accessory,0,0,0,0,0,3,0,0,0
Se1466,accessory,0,0,0,0,2,0,0,0,0
Se1474,accessory,0,0,0,3,0,0,0,0,0
Se1476,accessory,0,0,0,0,1,2,0,0,0
Se1478,accessory,0,0,0,0,0,2,0,0,0
Se1487,accessory,0,0,0,0,2,0,0,0,0
Se1496,accessory,0,0,0,0,1,2,0,0,0
Se1511,species_restricted_core,0,0,0,2,1,2,0,0,0
Se1542,species_restricted_core,0,0,0,2,2,1,0,0,0
Se1545,accessory,0,0,0,2,2,0,0,0,0
Se1547,accessory,0,0,0,3,0,1,0,0,0
Se1562,accessory,0,0,0,0,3,0,0,0,0
Se1582,accessory,0,0,0,0,0,2,0,0,0
Se1593,accessory,0,0,0,2,0,0,0,0,0
Se1596,accessory,0,0,0,2,2,2,0,0,0
Se1609,species_restricted_core,0,0,0,1,1,2,0,0,0
Se1623,accessory,0,0,0,1,2,0,0,0,0
Se1625,accessory,0,0,0,2,0,0,0,0,0
Se1633,accessory,0,0,0,0,3,0,0,0,0
Se1644,accessory,0,0,0,0,0,2,0,0,0
Se1663,accessory,0,0,0,3,0,0,0,0,0
Se1667,species_restricted_core,0,0,0,2,1,2,0,0,0
Se1675,accessory,0,0,0,0,2,0,0,0,0
Se1676,accessory,0,0,0,1,2,0,0,0,0
Sh0000,accessory,0,0,0,0,0,0,0,0,2
Sh0015,accessory,0,0,0,0,0,0,0,0,2
Sh0045,accessory,0,0,0,0,0,0,2,0,0
Sh0070,accessory,0,0,0,0,0,0,3,0,1
Sh0086,accessory,0,0,0,0,0,0,0,0,3
Sh0105,species_restricted_core,0,0,0,0,0,0,2,1,2
Sh0106,accessory,0,0,0,0,0,0,2,0,0
Sh0115,species_restricted_core,0,0,0,0,0,0,2,1,2
Sh0118,accessory,0,0,0,0,0,0,0,1,2
Sh0144,species_restricted_core,0,0,0,0,0,0,2,2,2
Sh0146,species_restricted_core,0,0,0,0,0,0,1,1,2
Sh0182,accessory,0,0,0,0,0,0,0,2,0
Sh0194,accessory,0,0,0,0,0,0,2,0,0
Sh0210,species_restricted_core,0,0,0,0,0,0,1,1,2
Sh0234,accessory,0,0,0,0,0,0,2,0,0
Sh0238,accessory,0,0,0,0,0,0,2,0,1
Sh0240,accessory,0,0,0,0,0,0,0,0,3
Sh0250,accessory,0,0,0,0,0,0,0,0,2
Sh0273,species_restricted_core,0,0,0,0,0,0,2,1,1
Sh0294,species_restricted_core,0,0,0,0,0,0,3,1,1
Sh0310,species_restricted_core,0,0,0,0,0,0,2,1,2
Sh0317,species_restricted_core,0,0,0,0,0,0,3,1,3
Sh0324,species_restricted_core,0,0,0,0,0,0,1,1,2
Sh0343,species_restricted_core,0,0,0,0,0,0,1,1,2
Sh0345,accessory,0,0,0,0,0,0,2,0,0
Sh0364,species_restricted_core,0,0,0,0,0,0,2,2,1
Sh0403,accessory,0,0,0,0,0,0,2,0,0
Sh0445,accessory,0,0,0,0,0,0,3,1,1
Sh0451,accessory,0,0,0,0,0,0,0,0,2
Sh0460,species_restricted_core,0,0,0,0,0,0,1,1,3
Sh0494,accessory,0,0,0,0,0,0,0,0,2
Sh0498,species_restricted_core,0,0,0,0,0,0,2,1,1
Sh0548,accessory,0,0,0,0,0,0,2,0,0
Sh0559,species_restricted_core,0,0,0,0,0,0,2,2,1
Sh0567,accessory,0,0,0,0,0,0,2,0,0
Sh0577,accessory,0,0,0,0,0,0,1,3,1
Sh0606,accessory,0,0,0,0,0,0,2,0,0
Sh0612,accessory,0,0,0,0,0,0,0,0,2
Sh0613,accessory,0,0,0,0,0,0,0,0,2
Sh0634,species_restricted_core,0,0,0,0,0,0,1,1,3
Sh0637,accessory,0,0,0,0,0,0,1,1,3
Sh0656,species_restricted_core,0,0,0,0,0,0,2,1,2
Sh0658,accessory,0,0,0,0,0,0,0,0,2
Sh0677,species_restricted_core,0,0,0,0,0,0,1,1,2
Sh0679,species_restricted_core,0,0,0,0,0,0,2,1,2
Sh0691,species_restricted_core,0,0,0,0,0,0,3,1,1
Sh0702,accessory,0,0,0,0,0,0,2,0,0
Sh0731,accessory,0,0,0,0,0,0,3,0,1
Sh0751,accessory,0,0,0,0,0,0,3,0,0
Sh0758,accessory,0,0,0,0,0,0,3,0,1
Sh0782,accessory,0,0,0,0,0,0,2,1,1
Sh0785,species_restricted_core,0,0,0,0,0,0,1,1,3
Sh0808,accessory,0,0,0,0,0,0,0,0,2
Sh0817,accessory,0,0,0,0,0,0,3,0,1
Sh0824,species_restricted_core,0,0,0,0,0,0,2,1,1
Sh0826,accessory,0,0,0,0,0,0,0,1,3
Sh0827,species_restricted_core,0,0,0,0,0,0,1,1,2
Sh0836,accessory,0,0,0,0,0,0,2,0,2
Sh0844,species_restricted_core,0,0,0,0,0,0,1,1,3
Sh0859,species_restricted_core,0,0,0,0,0,0,1,1,3
Sh0861,accessory,0,0,0,0,0,0,0,0,3
Sh0864,accessory,0,0,0,0,0,0,1,1,3
Sh0873,accessory,0,0,0,0,0,0,3,0,0
Sh0877,accessory,0,0,0,0,0,0,2,1,1
Sh0883,accessory,0,0,0,0,0,0,1,1,3
Sh0893,accessory,0,0,0,0,0,0,3,0,0
Sh0895,accessory,0,0,0,0,0,0,0,2,0
Sh0941,accessory,0,0,0,0,0,0,3,0,1
Sh0945,accessory,0,0,0,0,0,0,3,1,0
Sh0952,accessory,0,0,0,0,0,0,3,0,0
Sh0956,accessory,0,0,0,0,0,0,0,1,3
Sh0985,accessory,0,0,0,0,0,0,0,2,0
Sh0989,accessory,0,0,0,0,0,0,2,0,0
Sh0996,accessory,0,0,0,0,0,0,0,3,0
Sh1005,accessory,0,0,0,0,0,0,2,0,0
Sh1026,accessory,0,0,0,0,0,0,2,0,0
Sh1037,species_restricted_core,0,0,0,0,0,0,1,3,1
Sh1049,accessory,0,0,0,0,0,0,2,1,1
Sh1052,accessory,0,0,0,0,0,0,0,2,0
Sh1079,accessory,0,0,0,0,0,0,0,0,2
Sh1086,accessory,0,0,0,0,0,0,0,0,2
Sh1105,species_restricted_core,0,0,0,0,0,0,2,1,2
Sh1107,accessory,0,0,0,0,0,0,0,0,2
Sh1110,accessory,0,0,0,0,0,0,0,1,2
Sh1114,accessory,0,0,0,0,0,0,2,2,2
Sh1121,accessory,0,0,0,0,0,0,0,0,3
Sh1123,accessory,0,0,0,0,0,0,2,0,1
Sh1134,species_restricted_core,0,0,0,0,0,0,2,2,2
Sh1156,accessory,0,0,0,0,0,0,0,0,2
Sh1183,species_restricted_core,0,0,0,0,0,0,2,2,2
Sh1199,accessory,0,0,0,0,0,0,0,0,2
Sh1203,accessory,0,0,0,0,0,0,0,0,2
Sh1213,species_restricted_core,0,0,0,0,0,0,3,1,1
Sh1218,accessory,0,0,0,0,0,0,2,0,0
Sh1241,accessory,0,0,0,0,0,0,2,0,0
Sh1249,accessory,0,0,0,0,0,0,0,0,2
Sh1254,accessory,0,0,0,0,0,0,2,2,2
Sh1282,accessory,0,0,0,0,0,0,2,0,0
Sh1285,species_restricted_core,0,0,0,0,0,0,1,1,3
Sh1293,accessory,0,0,0,0,0,0,3,0,1
Sh1304,accessory,0,0,0,0,0,0,0,0,2
Sh1329,accessory,0,0,0,0,0,0,1,1,3
Sh1389,accessory,0,0,0,0,0,0,0,0,2
Sh1398,accessory,0,0,0,0,0,0,3,0,1
Sh1438,accessory,0,0,0,0,0,0,2,0,0
Sh1442,accessory,0,0,0,0,0,0,3,0,0
Sh1445,accessory,0,0,0,0,0,0,0,0,2
Sh1456,accessory,0,0,0,0,0,0,0,0,2
Sh1460,species_restricted_core,0,0,0,0,0,0,2,2,2
Sh1486,species_restricted_core,0,0,0,0,0,0,2,2,1
Sh1499,accessory,0,0,0,0,0,0,0,0,2
Sh1509,accessory,0,0,0,0,0,0,0,0,2
Sh1512,accessory,0,0,0,0,0,0,0,2,0
Sh1513,accessory,0,0,0,0,0,0,0,0,2
Sh1516,accessory,0,0,0,0,0,0,0,0,2
Sh1524,accessory,0,0,0,0,0,0,1,1,2
Sh1535,accessory,0,0,0,0,0,0,0,0,3
Sh1565,accessory,0,0,0,0,0,0,0,0,3
Sh1574,species_restricted_core,0,0,0,0,0,0,1,1,2
Sh1575,accessory,0,0,0,0,0,0,0,0,2
Sh1596,accessory,0,0,0,0,0,0,0,1,3
Sh1600,accessory,0,0,0,0,0,0,2,0,0
Sh1606,species_restricted_core,0,0,0,0,0,0,3,1,1
Sh1607,accessory,0,0,0,0,0,0,0,0,2
Sh1612,accessory,0,0,0,0,0,0,3,0,1
Sh1613,species_restricted_core,0,0,0,0,0,0,3,1,1
Sh1623,accessory,0,0,0,0,0,0,3,0,0
Sh1634,accessory,0,0,0,0,0,0,0,0,2
Sh1647,accessory,0,0,0,0,0,0,1,1,2
Sh1650,accessory,0,0,0,0,0,0,0,0,2
Sh1667,accessory,0,0,0,0,0,0,2,2,2
Sh1678,accessory,0,0,0,0,0,0,0,0,2
Sh1709,accessory,0,0,0,0,0,0,1,0,3
Sh1714,accessory,0,0,0,0,0,0,0,0,3
Sh1731,accessory,0,0,0,0,0,0,0,0,2
Sh1745,accessory,0,0,0,0,0,0,1,1,3
Sh1779,accessory,0,0,0,0,0,0,0,0,2
Sh1808,accessory,0,0,0,0,0,0,0,0,2
Sh1820,accessory,0,0,0,0,0,0,0,0,3
Sh1824,accessory,0,0,0,0,0,0,0,0,2
Sh1836,accessory,0,0,0,0,0,0,0,1,2
Sh1850,accessory,0,0,0,0,0,0,0,0,2
Sh1851,accessory,0,0,0,0,0,0,3,0,1
Sh1865,species_restricted_core,0,0,0,0,0,0,1,1,2
Sh1903,accessory,0,0,0,0,0,0,1,0,3
Sh1930,accessory,0,0,0,0,0,0,0,0,3
Sh1947,accessory,0,0,0,0,0,0,0,1,2
Sh1990,accessory,0,0,0,0,0,0,0,0,2
Sh1992,accessory,0,0,0,0,0,0,3,0,1
Sh2033,species_restricted_core,0,0,0,0,0,0,2,1,1
Sh2080,accessory,0,0,0,0,0,0,2,0,0
Sh2088,accessory,0,0,0,0,0,0,3,0,0
Sh2127,species_restricted_core,0,0,0,0,0,0,1,1,3
Sh2128,accessory,0,0,0,0,0,0,0,0,2
Sh2174,accessory,0,0,0,0,0,0,3,0,0
Sh2187,accessory,0,0,0,0,0,0,0,0,2
Sh2245,accessory,0,0,0,0,0,0,0,0,2
Sh2249,species_restricted_core,0,0,0,0,0,0,2,2,2
Sh2268,species_restricted_core,0,0,0,0,0,0,2,1,2
Sh2281,accessory,0,0,0,0,0,0,2,0,0
Sh2305,accessory,0,0,0,0,0,0,3,0,0
Sh2315,accessory,0,0,0,0,0,0,0,0,2
Sh2332,accessory,0,0,0,0,0,0,2,1,0